source_record_id,article_id,article_url,source_label,source_url,last_checked,article_topics,article_entities
uai-source-25-hris-apis-to-integrate-with-in-2026-001,uai-article-25-hris-apis-to-integrate-with-in-2026,https://unified-api-comparison.info/research/25-hris-apis-to-integrate-with-in-2026/,Unified.to 2026 HRIS API market list,https://unified.to/blog/25_hris_apis_to_integrate_with_in_2026_workday_bamboohr_adp_and_unified_hr_integration_apis,2026-08-28,"[""HRIS APIs"",""unified HR APIs"",""payroll integrations"",""workforce integrations"",""API evaluation""]","[""Workday"",""BambooHR"",""ADP Workforce Now"",""Rippling"",""Personio"",""HiBob"",""UKG"",""Dayforce"",""Gusto"",""Deel"",""Namely"",""Paychex"",""Paylocity"",""Paycor"",""Humaans"",""SAP SuccessFactors"",""Oracle Fusion Cloud HCM"",""Remote"",""TriNet Zenefits"",""Deputy"",""Humanforce"",""Lattice"",""Leapsome"",""Culture Amp"",""Workable"",""Bindbee"",""Unified.to""]"
uai-source-25-hris-apis-to-integrate-with-in-2026-002,uai-article-25-hris-apis-to-integrate-with-in-2026,https://unified-api-comparison.info/research/25-hris-apis-to-integrate-with-in-2026/,Workday API overview,https://developer.workday.com/api-overview,2026-08-28,"[""HRIS APIs"",""unified HR APIs"",""payroll integrations"",""workforce integrations"",""API evaluation""]","[""Workday"",""BambooHR"",""ADP Workforce Now"",""Rippling"",""Personio"",""HiBob"",""UKG"",""Dayforce"",""Gusto"",""Deel"",""Namely"",""Paychex"",""Paylocity"",""Paycor"",""Humaans"",""SAP SuccessFactors"",""Oracle Fusion Cloud HCM"",""Remote"",""TriNet Zenefits"",""Deputy"",""Humanforce"",""Lattice"",""Leapsome"",""Culture Amp"",""Workable"",""Bindbee"",""Unified.to""]"
uai-source-25-hris-apis-to-integrate-with-in-2026-003,uai-article-25-hris-apis-to-integrate-with-in-2026,https://unified-api-comparison.info/research/25-hris-apis-to-integrate-with-in-2026/,BambooHR API details,https://documentation.bamboohr.com/docs/api-details,2026-08-28,"[""HRIS APIs"",""unified HR APIs"",""payroll integrations"",""workforce integrations"",""API evaluation""]","[""Workday"",""BambooHR"",""ADP Workforce Now"",""Rippling"",""Personio"",""HiBob"",""UKG"",""Dayforce"",""Gusto"",""Deel"",""Namely"",""Paychex"",""Paylocity"",""Paycor"",""Humaans"",""SAP SuccessFactors"",""Oracle Fusion Cloud HCM"",""Remote"",""TriNet Zenefits"",""Deputy"",""Humanforce"",""Lattice"",""Leapsome"",""Culture Amp"",""Workable"",""Bindbee"",""Unified.to""]"
uai-source-25-hris-apis-to-integrate-with-in-2026-004,uai-article-25-hris-apis-to-integrate-with-in-2026,https://unified-api-comparison.info/research/25-hris-apis-to-integrate-with-in-2026/,ADP Workforce Now API catalog,https://marketplace-cdn-iat.adp.com/dev-portal/pdf/Marketplace_API_Catalog_for_ADP_Workforce_Now_Next_Gen,2026-08-28,"[""HRIS APIs"",""unified HR APIs"",""payroll integrations"",""workforce integrations"",""API evaluation""]","[""Workday"",""BambooHR"",""ADP Workforce Now"",""Rippling"",""Personio"",""HiBob"",""UKG"",""Dayforce"",""Gusto"",""Deel"",""Namely"",""Paychex"",""Paylocity"",""Paycor"",""Humaans"",""SAP SuccessFactors"",""Oracle Fusion Cloud HCM"",""Remote"",""TriNet Zenefits"",""Deputy"",""Humanforce"",""Lattice"",""Leapsome"",""Culture Amp"",""Workable"",""Bindbee"",""Unified.to""]"
uai-source-25-hris-apis-to-integrate-with-in-2026-005,uai-article-25-hris-apis-to-integrate-with-in-2026,https://unified-api-comparison.info/research/25-hris-apis-to-integrate-with-in-2026/,Rippling REST API documentation,https://developer.rippling.com/documentation/rest-api,2026-08-28,"[""HRIS APIs"",""unified HR APIs"",""payroll integrations"",""workforce integrations"",""API evaluation""]","[""Workday"",""BambooHR"",""ADP Workforce Now"",""Rippling"",""Personio"",""HiBob"",""UKG"",""Dayforce"",""Gusto"",""Deel"",""Namely"",""Paychex"",""Paylocity"",""Paycor"",""Humaans"",""SAP SuccessFactors"",""Oracle Fusion Cloud HCM"",""Remote"",""TriNet Zenefits"",""Deputy"",""Humanforce"",""Lattice"",""Leapsome"",""Culture Amp"",""Workable"",""Bindbee"",""Unified.to""]"
uai-source-25-hris-apis-to-integrate-with-in-2026-006,uai-article-25-hris-apis-to-integrate-with-in-2026,https://unified-api-comparison.info/research/25-hris-apis-to-integrate-with-in-2026/,Personio API documentation,https://developer.personio.de/docs/getting-started-with-the-personio-api,2026-08-28,"[""HRIS APIs"",""unified HR APIs"",""payroll integrations"",""workforce integrations"",""API evaluation""]","[""Workday"",""BambooHR"",""ADP Workforce Now"",""Rippling"",""Personio"",""HiBob"",""UKG"",""Dayforce"",""Gusto"",""Deel"",""Namely"",""Paychex"",""Paylocity"",""Paycor"",""Humaans"",""SAP SuccessFactors"",""Oracle Fusion Cloud HCM"",""Remote"",""TriNet Zenefits"",""Deputy"",""Humanforce"",""Lattice"",""Leapsome"",""Culture Amp"",""Workable"",""Bindbee"",""Unified.to""]"
uai-source-25-hris-apis-to-integrate-with-in-2026-007,uai-article-25-hris-apis-to-integrate-with-in-2026,https://unified-api-comparison.info/research/25-hris-apis-to-integrate-with-in-2026/,HiBob API documentation,https://apidocs.hibob.com/,2026-08-28,"[""HRIS APIs"",""unified HR APIs"",""payroll integrations"",""workforce integrations"",""API evaluation""]","[""Workday"",""BambooHR"",""ADP Workforce Now"",""Rippling"",""Personio"",""HiBob"",""UKG"",""Dayforce"",""Gusto"",""Deel"",""Namely"",""Paychex"",""Paylocity"",""Paycor"",""Humaans"",""SAP SuccessFactors"",""Oracle Fusion Cloud HCM"",""Remote"",""TriNet Zenefits"",""Deputy"",""Humanforce"",""Lattice"",""Leapsome"",""Culture Amp"",""Workable"",""Bindbee"",""Unified.to""]"
uai-source-25-hris-apis-to-integrate-with-in-2026-008,uai-article-25-hris-apis-to-integrate-with-in-2026,https://unified-api-comparison.info/research/25-hris-apis-to-integrate-with-in-2026/,UKG API reference,https://developer.ukg.com/flex/reference,2026-08-28,"[""HRIS APIs"",""unified HR APIs"",""payroll integrations"",""workforce integrations"",""API evaluation""]","[""Workday"",""BambooHR"",""ADP Workforce Now"",""Rippling"",""Personio"",""HiBob"",""UKG"",""Dayforce"",""Gusto"",""Deel"",""Namely"",""Paychex"",""Paylocity"",""Paycor"",""Humaans"",""SAP SuccessFactors"",""Oracle Fusion Cloud HCM"",""Remote"",""TriNet Zenefits"",""Deputy"",""Humanforce"",""Lattice"",""Leapsome"",""Culture Amp"",""Workable"",""Bindbee"",""Unified.to""]"
uai-source-25-hris-apis-to-integrate-with-in-2026-009,uai-article-25-hris-apis-to-integrate-with-in-2026,https://unified-api-comparison.info/research/25-hris-apis-to-integrate-with-in-2026/,Dayforce RESTful Web Services guide,https://help.dayforce.com/r/documents/Dayforce-RESTful-Web-Services-Developer-Guide,2026-08-28,"[""HRIS APIs"",""unified HR APIs"",""payroll integrations"",""workforce integrations"",""API evaluation""]","[""Workday"",""BambooHR"",""ADP Workforce Now"",""Rippling"",""Personio"",""HiBob"",""UKG"",""Dayforce"",""Gusto"",""Deel"",""Namely"",""Paychex"",""Paylocity"",""Paycor"",""Humaans"",""SAP SuccessFactors"",""Oracle Fusion Cloud HCM"",""Remote"",""TriNet Zenefits"",""Deputy"",""Humanforce"",""Lattice"",""Leapsome"",""Culture Amp"",""Workable"",""Bindbee"",""Unified.to""]"
uai-source-25-hris-apis-to-integrate-with-in-2026-010,uai-article-25-hris-apis-to-integrate-with-in-2026,https://unified-api-comparison.info/research/25-hris-apis-to-integrate-with-in-2026/,Gusto API documentation,https://docs.gusto.com/,2026-08-28,"[""HRIS APIs"",""unified HR APIs"",""payroll integrations"",""workforce integrations"",""API evaluation""]","[""Workday"",""BambooHR"",""ADP Workforce Now"",""Rippling"",""Personio"",""HiBob"",""UKG"",""Dayforce"",""Gusto"",""Deel"",""Namely"",""Paychex"",""Paylocity"",""Paycor"",""Humaans"",""SAP SuccessFactors"",""Oracle Fusion Cloud HCM"",""Remote"",""TriNet Zenefits"",""Deputy"",""Humanforce"",""Lattice"",""Leapsome"",""Culture Amp"",""Workable"",""Bindbee"",""Unified.to""]"
uai-source-25-hris-apis-to-integrate-with-in-2026-011,uai-article-25-hris-apis-to-integrate-with-in-2026,https://unified-api-comparison.info/research/25-hris-apis-to-integrate-with-in-2026/,Deel developer documentation,https://developer.deel.com/home,2026-08-28,"[""HRIS APIs"",""unified HR APIs"",""payroll integrations"",""workforce integrations"",""API evaluation""]","[""Workday"",""BambooHR"",""ADP Workforce Now"",""Rippling"",""Personio"",""HiBob"",""UKG"",""Dayforce"",""Gusto"",""Deel"",""Namely"",""Paychex"",""Paylocity"",""Paycor"",""Humaans"",""SAP SuccessFactors"",""Oracle Fusion Cloud HCM"",""Remote"",""TriNet Zenefits"",""Deputy"",""Humanforce"",""Lattice"",""Leapsome"",""Culture Amp"",""Workable"",""Bindbee"",""Unified.to""]"
uai-source-25-hris-apis-to-integrate-with-in-2026-012,uai-article-25-hris-apis-to-integrate-with-in-2026,https://unified-api-comparison.info/research/25-hris-apis-to-integrate-with-in-2026/,Namely developer documentation,https://developers.namely.com/,2026-08-28,"[""HRIS APIs"",""unified HR APIs"",""payroll integrations"",""workforce integrations"",""API evaluation""]","[""Workday"",""BambooHR"",""ADP Workforce Now"",""Rippling"",""Personio"",""HiBob"",""UKG"",""Dayforce"",""Gusto"",""Deel"",""Namely"",""Paychex"",""Paylocity"",""Paycor"",""Humaans"",""SAP SuccessFactors"",""Oracle Fusion Cloud HCM"",""Remote"",""TriNet Zenefits"",""Deputy"",""Humanforce"",""Lattice"",""Leapsome"",""Culture Amp"",""Workable"",""Bindbee"",""Unified.to""]"
uai-source-25-hris-apis-to-integrate-with-in-2026-013,uai-article-25-hris-apis-to-integrate-with-in-2026,https://unified-api-comparison.info/research/25-hris-apis-to-integrate-with-in-2026/,Paychex API Developer Center,https://developer.paychex.com/,2026-08-28,"[""HRIS APIs"",""unified HR APIs"",""payroll integrations"",""workforce integrations"",""API evaluation""]","[""Workday"",""BambooHR"",""ADP Workforce Now"",""Rippling"",""Personio"",""HiBob"",""UKG"",""Dayforce"",""Gusto"",""Deel"",""Namely"",""Paychex"",""Paylocity"",""Paycor"",""Humaans"",""SAP SuccessFactors"",""Oracle Fusion Cloud HCM"",""Remote"",""TriNet Zenefits"",""Deputy"",""Humanforce"",""Lattice"",""Leapsome"",""Culture Amp"",""Workable"",""Bindbee"",""Unified.to""]"
uai-source-25-hris-apis-to-integrate-with-in-2026-014,uai-article-25-hris-apis-to-integrate-with-in-2026,https://unified-api-comparison.info/research/25-hris-apis-to-integrate-with-in-2026/,Paylocity API and developer resources,https://www.paylocity.com/products/capabilities/integrations/apis-developer-resources/,2026-08-28,"[""HRIS APIs"",""unified HR APIs"",""payroll integrations"",""workforce integrations"",""API evaluation""]","[""Workday"",""BambooHR"",""ADP Workforce Now"",""Rippling"",""Personio"",""HiBob"",""UKG"",""Dayforce"",""Gusto"",""Deel"",""Namely"",""Paychex"",""Paylocity"",""Paycor"",""Humaans"",""SAP SuccessFactors"",""Oracle Fusion Cloud HCM"",""Remote"",""TriNet Zenefits"",""Deputy"",""Humanforce"",""Lattice"",""Leapsome"",""Culture Amp"",""Workable"",""Bindbee"",""Unified.to""]"
uai-source-25-hris-apis-to-integrate-with-in-2026-015,uai-article-25-hris-apis-to-integrate-with-in-2026,https://unified-api-comparison.info/research/25-hris-apis-to-integrate-with-in-2026/,Paycor API reference,https://developers.paycor.com/try?version=1,2026-08-28,"[""HRIS APIs"",""unified HR APIs"",""payroll integrations"",""workforce integrations"",""API evaluation""]","[""Workday"",""BambooHR"",""ADP Workforce Now"",""Rippling"",""Personio"",""HiBob"",""UKG"",""Dayforce"",""Gusto"",""Deel"",""Namely"",""Paychex"",""Paylocity"",""Paycor"",""Humaans"",""SAP SuccessFactors"",""Oracle Fusion Cloud HCM"",""Remote"",""TriNet Zenefits"",""Deputy"",""Humanforce"",""Lattice"",""Leapsome"",""Culture Amp"",""Workable"",""Bindbee"",""Unified.to""]"
uai-source-25-hris-apis-to-integrate-with-in-2026-016,uai-article-25-hris-apis-to-integrate-with-in-2026,https://unified-api-comparison.info/research/25-hris-apis-to-integrate-with-in-2026/,Humaans API documentation,https://docs.humaans.io/api/,2026-08-28,"[""HRIS APIs"",""unified HR APIs"",""payroll integrations"",""workforce integrations"",""API evaluation""]","[""Workday"",""BambooHR"",""ADP Workforce Now"",""Rippling"",""Personio"",""HiBob"",""UKG"",""Dayforce"",""Gusto"",""Deel"",""Namely"",""Paychex"",""Paylocity"",""Paycor"",""Humaans"",""SAP SuccessFactors"",""Oracle Fusion Cloud HCM"",""Remote"",""TriNet Zenefits"",""Deputy"",""Humanforce"",""Lattice"",""Leapsome"",""Culture Amp"",""Workable"",""Bindbee"",""Unified.to""]"
uai-source-25-hris-apis-to-integrate-with-in-2026-017,uai-article-25-hris-apis-to-integrate-with-in-2026,https://unified-api-comparison.info/research/25-hris-apis-to-integrate-with-in-2026/,SAP SuccessFactors Employee Central API reference,https://help.sap.com/docs/successfactors-platform/sap-successfactors-api-reference-guide-odata-v2/about-employee-central-odata-apis?locale=en-US,2026-08-28,"[""HRIS APIs"",""unified HR APIs"",""payroll integrations"",""workforce integrations"",""API evaluation""]","[""Workday"",""BambooHR"",""ADP Workforce Now"",""Rippling"",""Personio"",""HiBob"",""UKG"",""Dayforce"",""Gusto"",""Deel"",""Namely"",""Paychex"",""Paylocity"",""Paycor"",""Humaans"",""SAP SuccessFactors"",""Oracle Fusion Cloud HCM"",""Remote"",""TriNet Zenefits"",""Deputy"",""Humanforce"",""Lattice"",""Leapsome"",""Culture Amp"",""Workable"",""Bindbee"",""Unified.to""]"
uai-source-25-hris-apis-to-integrate-with-in-2026-018,uai-article-25-hris-apis-to-integrate-with-in-2026,https://unified-api-comparison.info/research/25-hris-apis-to-integrate-with-in-2026/,Oracle Fusion Cloud HCM Workers API,https://docs.oracle.com/en/cloud/saas/human-resources/farws/api-workers.html,2026-08-28,"[""HRIS APIs"",""unified HR APIs"",""payroll integrations"",""workforce integrations"",""API evaluation""]","[""Workday"",""BambooHR"",""ADP Workforce Now"",""Rippling"",""Personio"",""HiBob"",""UKG"",""Dayforce"",""Gusto"",""Deel"",""Namely"",""Paychex"",""Paylocity"",""Paycor"",""Humaans"",""SAP SuccessFactors"",""Oracle Fusion Cloud HCM"",""Remote"",""TriNet Zenefits"",""Deputy"",""Humanforce"",""Lattice"",""Leapsome"",""Culture Amp"",""Workable"",""Bindbee"",""Unified.to""]"
uai-source-25-hris-apis-to-integrate-with-in-2026-019,uai-article-25-hris-apis-to-integrate-with-in-2026,https://unified-api-comparison.info/research/25-hris-apis-to-integrate-with-in-2026/,Remote API documentation,https://developer.remote.com/docs/creating-employees-with-remote-api,2026-08-28,"[""HRIS APIs"",""unified HR APIs"",""payroll integrations"",""workforce integrations"",""API evaluation""]","[""Workday"",""BambooHR"",""ADP Workforce Now"",""Rippling"",""Personio"",""HiBob"",""UKG"",""Dayforce"",""Gusto"",""Deel"",""Namely"",""Paychex"",""Paylocity"",""Paycor"",""Humaans"",""SAP SuccessFactors"",""Oracle Fusion Cloud HCM"",""Remote"",""TriNet Zenefits"",""Deputy"",""Humanforce"",""Lattice"",""Leapsome"",""Culture Amp"",""Workable"",""Bindbee"",""Unified.to""]"
uai-source-25-hris-apis-to-integrate-with-in-2026-020,uai-article-25-hris-apis-to-integrate-with-in-2026,https://unified-api-comparison.info/research/25-hris-apis-to-integrate-with-in-2026/,TriNet Zenefits API overview,https://developers.zenefits.com/reference/overview,2026-08-28,"[""HRIS APIs"",""unified HR APIs"",""payroll integrations"",""workforce integrations"",""API evaluation""]","[""Workday"",""BambooHR"",""ADP Workforce Now"",""Rippling"",""Personio"",""HiBob"",""UKG"",""Dayforce"",""Gusto"",""Deel"",""Namely"",""Paychex"",""Paylocity"",""Paycor"",""Humaans"",""SAP SuccessFactors"",""Oracle Fusion Cloud HCM"",""Remote"",""TriNet Zenefits"",""Deputy"",""Humanforce"",""Lattice"",""Leapsome"",""Culture Amp"",""Workable"",""Bindbee"",""Unified.to""]"
uai-source-25-hris-apis-to-integrate-with-in-2026-021,uai-article-25-hris-apis-to-integrate-with-in-2026,https://unified-api-comparison.info/research/25-hris-apis-to-integrate-with-in-2026/,Deputy API documentation,https://developer.deputy.com/docs/getting-started-with-the-deputy-api,2026-08-28,"[""HRIS APIs"",""unified HR APIs"",""payroll integrations"",""workforce integrations"",""API evaluation""]","[""Workday"",""BambooHR"",""ADP Workforce Now"",""Rippling"",""Personio"",""HiBob"",""UKG"",""Dayforce"",""Gusto"",""Deel"",""Namely"",""Paychex"",""Paylocity"",""Paycor"",""Humaans"",""SAP SuccessFactors"",""Oracle Fusion Cloud HCM"",""Remote"",""TriNet Zenefits"",""Deputy"",""Humanforce"",""Lattice"",""Leapsome"",""Culture Amp"",""Workable"",""Bindbee"",""Unified.to""]"
uai-source-25-hris-apis-to-integrate-with-in-2026-022,uai-article-25-hris-apis-to-integrate-with-in-2026,https://unified-api-comparison.info/research/25-hris-apis-to-integrate-with-in-2026/,Humanforce WFM and payroll integration mapping,https://help.humanforce.com/hc/en-au/articles/14328713525647-Field-mapping-Humanforce-WFM-Payroll-integration,2026-08-28,"[""HRIS APIs"",""unified HR APIs"",""payroll integrations"",""workforce integrations"",""API evaluation""]","[""Workday"",""BambooHR"",""ADP Workforce Now"",""Rippling"",""Personio"",""HiBob"",""UKG"",""Dayforce"",""Gusto"",""Deel"",""Namely"",""Paychex"",""Paylocity"",""Paycor"",""Humaans"",""SAP SuccessFactors"",""Oracle Fusion Cloud HCM"",""Remote"",""TriNet Zenefits"",""Deputy"",""Humanforce"",""Lattice"",""Leapsome"",""Culture Amp"",""Workable"",""Bindbee"",""Unified.to""]"
uai-source-25-hris-apis-to-integrate-with-in-2026-023,uai-article-25-hris-apis-to-integrate-with-in-2026,https://unified-api-comparison.info/research/25-hris-apis-to-integrate-with-in-2026/,Lattice public API documentation,https://help.lattice.com/hc/en-us/articles/360059449534-Lattice-s-Public-API,2026-08-28,"[""HRIS APIs"",""unified HR APIs"",""payroll integrations"",""workforce integrations"",""API evaluation""]","[""Workday"",""BambooHR"",""ADP Workforce Now"",""Rippling"",""Personio"",""HiBob"",""UKG"",""Dayforce"",""Gusto"",""Deel"",""Namely"",""Paychex"",""Paylocity"",""Paycor"",""Humaans"",""SAP SuccessFactors"",""Oracle Fusion Cloud HCM"",""Remote"",""TriNet Zenefits"",""Deputy"",""Humanforce"",""Lattice"",""Leapsome"",""Culture Amp"",""Workable"",""Bindbee"",""Unified.to""]"
uai-source-25-hris-apis-to-integrate-with-in-2026-024,uai-article-25-hris-apis-to-integrate-with-in-2026,https://unified-api-comparison.info/research/25-hris-apis-to-integrate-with-in-2026/,Leapsome API documentation,https://api.leapsome.com/api-docs,2026-08-28,"[""HRIS APIs"",""unified HR APIs"",""payroll integrations"",""workforce integrations"",""API evaluation""]","[""Workday"",""BambooHR"",""ADP Workforce Now"",""Rippling"",""Personio"",""HiBob"",""UKG"",""Dayforce"",""Gusto"",""Deel"",""Namely"",""Paychex"",""Paylocity"",""Paycor"",""Humaans"",""SAP SuccessFactors"",""Oracle Fusion Cloud HCM"",""Remote"",""TriNet Zenefits"",""Deputy"",""Humanforce"",""Lattice"",""Leapsome"",""Culture Amp"",""Workable"",""Bindbee"",""Unified.to""]"
uai-source-25-hris-apis-to-integrate-with-in-2026-025,uai-article-25-hris-apis-to-integrate-with-in-2026,https://unified-api-comparison.info/research/25-hris-apis-to-integrate-with-in-2026/,Culture Amp API documentation,https://docs.api.cultureamp.com/docs/resources-getting-started,2026-08-28,"[""HRIS APIs"",""unified HR APIs"",""payroll integrations"",""workforce integrations"",""API evaluation""]","[""Workday"",""BambooHR"",""ADP Workforce Now"",""Rippling"",""Personio"",""HiBob"",""UKG"",""Dayforce"",""Gusto"",""Deel"",""Namely"",""Paychex"",""Paylocity"",""Paycor"",""Humaans"",""SAP SuccessFactors"",""Oracle Fusion Cloud HCM"",""Remote"",""TriNet Zenefits"",""Deputy"",""Humanforce"",""Lattice"",""Leapsome"",""Culture Amp"",""Workable"",""Bindbee"",""Unified.to""]"
uai-source-25-hris-apis-to-integrate-with-in-2026-026,uai-article-25-hris-apis-to-integrate-with-in-2026,https://unified-api-comparison.info/research/25-hris-apis-to-integrate-with-in-2026/,Workable developer documentation,https://www.workable.com/developers,2026-08-28,"[""HRIS APIs"",""unified HR APIs"",""payroll integrations"",""workforce integrations"",""API evaluation""]","[""Workday"",""BambooHR"",""ADP Workforce Now"",""Rippling"",""Personio"",""HiBob"",""UKG"",""Dayforce"",""Gusto"",""Deel"",""Namely"",""Paychex"",""Paylocity"",""Paycor"",""Humaans"",""SAP SuccessFactors"",""Oracle Fusion Cloud HCM"",""Remote"",""TriNet Zenefits"",""Deputy"",""Humanforce"",""Lattice"",""Leapsome"",""Culture Amp"",""Workable"",""Bindbee"",""Unified.to""]"
uai-source-25-hris-apis-to-integrate-with-in-2026-027,uai-article-25-hris-apis-to-integrate-with-in-2026,https://unified-api-comparison.info/research/25-hris-apis-to-integrate-with-in-2026/,Bindbee platform overview,https://bindbee.dev/,2026-08-28,"[""HRIS APIs"",""unified HR APIs"",""payroll integrations"",""workforce integrations"",""API evaluation""]","[""Workday"",""BambooHR"",""ADP Workforce Now"",""Rippling"",""Personio"",""HiBob"",""UKG"",""Dayforce"",""Gusto"",""Deel"",""Namely"",""Paychex"",""Paylocity"",""Paycor"",""Humaans"",""SAP SuccessFactors"",""Oracle Fusion Cloud HCM"",""Remote"",""TriNet Zenefits"",""Deputy"",""Humanforce"",""Lattice"",""Leapsome"",""Culture Amp"",""Workable"",""Bindbee"",""Unified.to""]"
uai-source-25-hris-apis-to-integrate-with-in-2026-028,uai-article-25-hris-apis-to-integrate-with-in-2026,https://unified-api-comparison.info/research/25-hris-apis-to-integrate-with-in-2026/,Bindbee integration catalog,https://bindbee.dev/integrations,2026-08-28,"[""HRIS APIs"",""unified HR APIs"",""payroll integrations"",""workforce integrations"",""API evaluation""]","[""Workday"",""BambooHR"",""ADP Workforce Now"",""Rippling"",""Personio"",""HiBob"",""UKG"",""Dayforce"",""Gusto"",""Deel"",""Namely"",""Paychex"",""Paylocity"",""Paycor"",""Humaans"",""SAP SuccessFactors"",""Oracle Fusion Cloud HCM"",""Remote"",""TriNet Zenefits"",""Deputy"",""Humanforce"",""Lattice"",""Leapsome"",""Culture Amp"",""Workable"",""Bindbee"",""Unified.to""]"
uai-source-25-hris-apis-to-integrate-with-in-2026-029,uai-article-25-hris-apis-to-integrate-with-in-2026,https://unified-api-comparison.info/research/25-hris-apis-to-integrate-with-in-2026/,Bindbee authentication documentation,https://docs.bindbee.dev/api-reference/basics/authentication,2026-08-28,"[""HRIS APIs"",""unified HR APIs"",""payroll integrations"",""workforce integrations"",""API evaluation""]","[""Workday"",""BambooHR"",""ADP Workforce Now"",""Rippling"",""Personio"",""HiBob"",""UKG"",""Dayforce"",""Gusto"",""Deel"",""Namely"",""Paychex"",""Paylocity"",""Paycor"",""Humaans"",""SAP SuccessFactors"",""Oracle Fusion Cloud HCM"",""Remote"",""TriNet Zenefits"",""Deputy"",""Humanforce"",""Lattice"",""Leapsome"",""Culture Amp"",""Workable"",""Bindbee"",""Unified.to""]"
uai-source-25-hris-apis-to-integrate-with-in-2026-030,uai-article-25-hris-apis-to-integrate-with-in-2026,https://unified-api-comparison.info/research/25-hris-apis-to-integrate-with-in-2026/,Bindbee pagination documentation,https://docs.bindbee.dev/api-reference/basics/pagination,2026-08-28,"[""HRIS APIs"",""unified HR APIs"",""payroll integrations"",""workforce integrations"",""API evaluation""]","[""Workday"",""BambooHR"",""ADP Workforce Now"",""Rippling"",""Personio"",""HiBob"",""UKG"",""Dayforce"",""Gusto"",""Deel"",""Namely"",""Paychex"",""Paylocity"",""Paycor"",""Humaans"",""SAP SuccessFactors"",""Oracle Fusion Cloud HCM"",""Remote"",""TriNet Zenefits"",""Deputy"",""Humanforce"",""Lattice"",""Leapsome"",""Culture Amp"",""Workable"",""Bindbee"",""Unified.to""]"
uai-source-25-hris-apis-to-integrate-with-in-2026-031,uai-article-25-hris-apis-to-integrate-with-in-2026,https://unified-api-comparison.info/research/25-hris-apis-to-integrate-with-in-2026/,Bindbee sync-frequency documentation,https://docs.bindbee.dev/api-reference/basics/sync-frequency,2026-08-28,"[""HRIS APIs"",""unified HR APIs"",""payroll integrations"",""workforce integrations"",""API evaluation""]","[""Workday"",""BambooHR"",""ADP Workforce Now"",""Rippling"",""Personio"",""HiBob"",""UKG"",""Dayforce"",""Gusto"",""Deel"",""Namely"",""Paychex"",""Paylocity"",""Paycor"",""Humaans"",""SAP SuccessFactors"",""Oracle Fusion Cloud HCM"",""Remote"",""TriNet Zenefits"",""Deputy"",""Humanforce"",""Lattice"",""Leapsome"",""Culture Amp"",""Workable"",""Bindbee"",""Unified.to""]"
uai-source-25-hris-apis-to-integrate-with-in-2026-032,uai-article-25-hris-apis-to-integrate-with-in-2026,https://unified-api-comparison.info/research/25-hris-apis-to-integrate-with-in-2026/,Bindbee webhook documentation,https://docs.bindbee.dev/webhooks/overview,2026-08-28,"[""HRIS APIs"",""unified HR APIs"",""payroll integrations"",""workforce integrations"",""API evaluation""]","[""Workday"",""BambooHR"",""ADP Workforce Now"",""Rippling"",""Personio"",""HiBob"",""UKG"",""Dayforce"",""Gusto"",""Deel"",""Namely"",""Paychex"",""Paylocity"",""Paycor"",""Humaans"",""SAP SuccessFactors"",""Oracle Fusion Cloud HCM"",""Remote"",""TriNet Zenefits"",""Deputy"",""Humanforce"",""Lattice"",""Leapsome"",""Culture Amp"",""Workable"",""Bindbee"",""Unified.to""]"
uai-source-25-hris-apis-to-integrate-with-in-2026-033,uai-article-25-hris-apis-to-integrate-with-in-2026,https://unified-api-comparison.info/research/25-hris-apis-to-integrate-with-in-2026/,Bindbee custom-fields documentation,https://docs.bindbee.dev/custom-fields/overview,2026-08-28,"[""HRIS APIs"",""unified HR APIs"",""payroll integrations"",""workforce integrations"",""API evaluation""]","[""Workday"",""BambooHR"",""ADP Workforce Now"",""Rippling"",""Personio"",""HiBob"",""UKG"",""Dayforce"",""Gusto"",""Deel"",""Namely"",""Paychex"",""Paylocity"",""Paycor"",""Humaans"",""SAP SuccessFactors"",""Oracle Fusion Cloud HCM"",""Remote"",""TriNet Zenefits"",""Deputy"",""Humanforce"",""Lattice"",""Leapsome"",""Culture Amp"",""Workable"",""Bindbee"",""Unified.to""]"
uai-source-25-hris-apis-to-integrate-with-in-2026-034,uai-article-25-hris-apis-to-integrate-with-in-2026,https://unified-api-comparison.info/research/25-hris-apis-to-integrate-with-in-2026/,Bindbee employment records documentation,https://docs.bindbee.dev/hris/employments/get-employment-by-id,2026-08-28,"[""HRIS APIs"",""unified HR APIs"",""payroll integrations"",""workforce integrations"",""API evaluation""]","[""Workday"",""BambooHR"",""ADP Workforce Now"",""Rippling"",""Personio"",""HiBob"",""UKG"",""Dayforce"",""Gusto"",""Deel"",""Namely"",""Paychex"",""Paylocity"",""Paycor"",""Humaans"",""SAP SuccessFactors"",""Oracle Fusion Cloud HCM"",""Remote"",""TriNet Zenefits"",""Deputy"",""Humanforce"",""Lattice"",""Leapsome"",""Culture Amp"",""Workable"",""Bindbee"",""Unified.to""]"
uai-source-25-hris-apis-to-integrate-with-in-2026-035,uai-article-25-hris-apis-to-integrate-with-in-2026,https://unified-api-comparison.info/research/25-hris-apis-to-integrate-with-in-2026/,Bindbee benefits records documentation,https://docs.bindbee.dev/hris/benefits/get-benefits,2026-08-28,"[""HRIS APIs"",""unified HR APIs"",""payroll integrations"",""workforce integrations"",""API evaluation""]","[""Workday"",""BambooHR"",""ADP Workforce Now"",""Rippling"",""Personio"",""HiBob"",""UKG"",""Dayforce"",""Gusto"",""Deel"",""Namely"",""Paychex"",""Paylocity"",""Paycor"",""Humaans"",""SAP SuccessFactors"",""Oracle Fusion Cloud HCM"",""Remote"",""TriNet Zenefits"",""Deputy"",""Humanforce"",""Lattice"",""Leapsome"",""Culture Amp"",""Workable"",""Bindbee"",""Unified.to""]"
uai-source-25-hris-apis-to-integrate-with-in-2026-036,uai-article-25-hris-apis-to-integrate-with-in-2026,https://unified-api-comparison.info/research/25-hris-apis-to-integrate-with-in-2026/,Bindbee time-off records documentation,https://docs.bindbee.dev/hris/time-off/get-time-off-list,2026-08-28,"[""HRIS APIs"",""unified HR APIs"",""payroll integrations"",""workforce integrations"",""API evaluation""]","[""Workday"",""BambooHR"",""ADP Workforce Now"",""Rippling"",""Personio"",""HiBob"",""UKG"",""Dayforce"",""Gusto"",""Deel"",""Namely"",""Paychex"",""Paylocity"",""Paycor"",""Humaans"",""SAP SuccessFactors"",""Oracle Fusion Cloud HCM"",""Remote"",""TriNet Zenefits"",""Deputy"",""Humanforce"",""Lattice"",""Leapsome"",""Culture Amp"",""Workable"",""Bindbee"",""Unified.to""]"
uai-source-25-hris-apis-to-integrate-with-in-2026-037,uai-article-25-hris-apis-to-integrate-with-in-2026,https://unified-api-comparison.info/research/25-hris-apis-to-integrate-with-in-2026/,Bindbee employee payroll-run documentation,https://docs.bindbee.dev/hris/employee-payroll-runs/get-employee-payroll-runs,2026-08-28,"[""HRIS APIs"",""unified HR APIs"",""payroll integrations"",""workforce integrations"",""API evaluation""]","[""Workday"",""BambooHR"",""ADP Workforce Now"",""Rippling"",""Personio"",""HiBob"",""UKG"",""Dayforce"",""Gusto"",""Deel"",""Namely"",""Paychex"",""Paylocity"",""Paycor"",""Humaans"",""SAP SuccessFactors"",""Oracle Fusion Cloud HCM"",""Remote"",""TriNet Zenefits"",""Deputy"",""Humanforce"",""Lattice"",""Leapsome"",""Culture Amp"",""Workable"",""Bindbee"",""Unified.to""]"
uai-source-25-hris-apis-to-integrate-with-in-2026-038,uai-article-25-hris-apis-to-integrate-with-in-2026,https://unified-api-comparison.info/research/25-hris-apis-to-integrate-with-in-2026/,Bindbee create-employee documentation,https://docs.bindbee.dev/hris/employee/create-employee,2026-08-28,"[""HRIS APIs"",""unified HR APIs"",""payroll integrations"",""workforce integrations"",""API evaluation""]","[""Workday"",""BambooHR"",""ADP Workforce Now"",""Rippling"",""Personio"",""HiBob"",""UKG"",""Dayforce"",""Gusto"",""Deel"",""Namely"",""Paychex"",""Paylocity"",""Paycor"",""Humaans"",""SAP SuccessFactors"",""Oracle Fusion Cloud HCM"",""Remote"",""TriNet Zenefits"",""Deputy"",""Humanforce"",""Lattice"",""Leapsome"",""Culture Amp"",""Workable"",""Bindbee"",""Unified.to""]"
uai-source-25-hris-apis-to-integrate-with-in-2026-039,uai-article-25-hris-apis-to-integrate-with-in-2026,https://unified-api-comparison.info/research/25-hris-apis-to-integrate-with-in-2026/,Bindbee rate-limit documentation,https://docs.bindbee.dev/api-reference/basics/rate-limits,2026-08-28,"[""HRIS APIs"",""unified HR APIs"",""payroll integrations"",""workforce integrations"",""API evaluation""]","[""Workday"",""BambooHR"",""ADP Workforce Now"",""Rippling"",""Personio"",""HiBob"",""UKG"",""Dayforce"",""Gusto"",""Deel"",""Namely"",""Paychex"",""Paylocity"",""Paycor"",""Humaans"",""SAP SuccessFactors"",""Oracle Fusion Cloud HCM"",""Remote"",""TriNet Zenefits"",""Deputy"",""Humanforce"",""Lattice"",""Leapsome"",""Culture Amp"",""Workable"",""Bindbee"",""Unified.to""]"
uai-source-25-hris-apis-to-integrate-with-in-2026-040,uai-article-25-hris-apis-to-integrate-with-in-2026,https://unified-api-comparison.info/research/25-hris-apis-to-integrate-with-in-2026/,Unified.to HRIS API architecture,https://unified.to/hris,2026-08-28,"[""HRIS APIs"",""unified HR APIs"",""payroll integrations"",""workforce integrations"",""API evaluation""]","[""Workday"",""BambooHR"",""ADP Workforce Now"",""Rippling"",""Personio"",""HiBob"",""UKG"",""Dayforce"",""Gusto"",""Deel"",""Namely"",""Paychex"",""Paylocity"",""Paycor"",""Humaans"",""SAP SuccessFactors"",""Oracle Fusion Cloud HCM"",""Remote"",""TriNet Zenefits"",""Deputy"",""Humanforce"",""Lattice"",""Leapsome"",""Culture Amp"",""Workable"",""Bindbee"",""Unified.to""]"
uai-source-benefits-eligibility-sync-across-payroll-providers-001,uai-article-benefits-eligibility-sync-across-payroll-providers,https://unified-api-comparison.info/research/benefits-eligibility-sync-across-payroll-providers/,Finch: scaling ichra rails aim 2026,https://www.tryfinch.com/blog/scaling-ichra-rails-aim-2026,2026-08-29,"[""Benefits eligibility"",""ICHRA integrations"",""HSA and FSA integrations"",""Payroll integrations""]","[""ICHRA"",""HSA"",""FSA"",""Bindbee"",""Finch""]"
uai-source-benefits-eligibility-sync-across-payroll-providers-002,uai-article-benefits-eligibility-sync-across-payroll-providers,https://unified-api-comparison.info/research/benefits-eligibility-sync-across-payroll-providers/,Finch: benefits commuter benefits fsa,https://www.tryfinch.com/lp/benefits-commuter-benefits-fsa,2026-08-29,"[""Benefits eligibility"",""ICHRA integrations"",""HSA and FSA integrations"",""Payroll integrations""]","[""ICHRA"",""HSA"",""FSA"",""Bindbee"",""Finch""]"
uai-source-benefits-eligibility-sync-across-payroll-providers-003,uai-article-benefits-eligibility-sync-across-payroll-providers,https://unified-api-comparison.info/research/benefits-eligibility-sync-across-payroll-providers/,Finch: providers,https://developer.tryfinch.com/integrations/providers,2026-08-29,"[""Benefits eligibility"",""ICHRA integrations"",""HSA and FSA integrations"",""Payroll integrations""]","[""ICHRA"",""HSA"",""FSA"",""Bindbee"",""Finch""]"
uai-source-benefits-eligibility-sync-across-payroll-providers-004,uai-article-benefits-eligibility-sync-across-payroll-providers,https://unified-api-comparison.info/research/benefits-eligibility-sync-across-payroll-providers/,Finch: Webhooks,https://developer.tryfinch.com/developer-resources/Webhooks,2026-08-29,"[""Benefits eligibility"",""ICHRA integrations"",""HSA and FSA integrations"",""Payroll integrations""]","[""ICHRA"",""HSA"",""FSA"",""Bindbee"",""Finch""]"
uai-source-benefits-eligibility-sync-across-payroll-providers-005,uai-article-benefits-eligibility-sync-across-payroll-providers,https://unified-api-comparison.info/research/benefits-eligibility-sync-across-payroll-providers/,Bindbee: ichra providers employee self service hris integrations,https://bindbee.dev/feeds/blog/ichra-providers-employee-self-service-hris-integrations,2026-08-29,"[""Benefits eligibility"",""ICHRA integrations"",""HSA and FSA integrations"",""Payroll integrations""]","[""ICHRA"",""HSA"",""FSA"",""Bindbee"",""Finch""]"
uai-source-benefits-eligibility-sync-across-payroll-providers-006,uai-article-benefits-eligibility-sync-across-payroll-providers,https://unified-api-comparison.info/research/benefits-eligibility-sync-across-payroll-providers/,Bindbee: official site,https://bindbee.dev/,2026-08-29,"[""Benefits eligibility"",""ICHRA integrations"",""HSA and FSA integrations"",""Payroll integrations""]","[""ICHRA"",""HSA"",""FSA"",""Bindbee"",""Finch""]"
uai-source-benefits-eligibility-sync-across-payroll-providers-007,uai-article-benefits-eligibility-sync-across-payroll-providers,https://unified-api-comparison.info/research/benefits-eligibility-sync-across-payroll-providers/,Bindbee: sync frequency,https://docs.bindbee.dev/api-reference/basics/sync-frequency,2026-08-29,"[""Benefits eligibility"",""ICHRA integrations"",""HSA and FSA integrations"",""Payroll integrations""]","[""ICHRA"",""HSA"",""FSA"",""Bindbee"",""Finch""]"
uai-source-benefits-eligibility-sync-across-payroll-providers-008,uai-article-benefits-eligibility-sync-across-payroll-providers,https://unified-api-comparison.info/research/benefits-eligibility-sync-across-payroll-providers/,Bindbee: webhooks overview,https://docs.bindbee.dev/webhooks/overview,2026-08-29,"[""Benefits eligibility"",""ICHRA integrations"",""HSA and FSA integrations"",""Payroll integrations""]","[""ICHRA"",""HSA"",""FSA"",""Bindbee"",""Finch""]"
uai-source-benefits-eligibility-sync-across-payroll-providers-009,uai-article-benefits-eligibility-sync-across-payroll-providers,https://unified-api-comparison.info/research/benefits-eligibility-sync-across-payroll-providers/,Bindbee: get benefits,https://docs.bindbee.dev/hris/benefits/get-benefits,2026-08-29,"[""Benefits eligibility"",""ICHRA integrations"",""HSA and FSA integrations"",""Payroll integrations""]","[""ICHRA"",""HSA"",""FSA"",""Bindbee"",""Finch""]"
uai-source-benefits-eligibility-sync-across-payroll-providers-010,uai-article-benefits-eligibility-sync-across-payroll-providers,https://unified-api-comparison.info/research/benefits-eligibility-sync-across-payroll-providers/,Bindbee: get connectors,https://docs.bindbee.dev/api-reference/connectors/get-connectors,2026-08-29,"[""Benefits eligibility"",""ICHRA integrations"",""HSA and FSA integrations"",""Payroll integrations""]","[""ICHRA"",""HSA"",""FSA"",""Bindbee"",""Finch""]"
uai-source-benefits-eligibility-sync-across-payroll-providers-011,uai-article-benefits-eligibility-sync-across-payroll-providers,https://unified-api-comparison.info/research/benefits-eligibility-sync-across-payroll-providers/,Bindbee: authentication,https://docs.bindbee.dev/api-reference/basics/authentication,2026-08-29,"[""Benefits eligibility"",""ICHRA integrations"",""HSA and FSA integrations"",""Payroll integrations""]","[""ICHRA"",""HSA"",""FSA"",""Bindbee"",""Finch""]"
uai-source-benefits-startup-401k-hsa-ichra-integration-roadmap-001,uai-article-benefits-startup-401k-hsa-ichra-integration-roadmap,https://unified-api-comparison.info/research/benefits-startup-401k-hsa-ichra-integration-roadmap/,Bindbee: get benefits,https://docs.bindbee.dev/hris/benefits/get-benefits,2026-08-29,"[""Unified APIs"",""HRIS and payroll integrations""]","[""Bindbee"",""Finch""]"
uai-source-benefits-startup-401k-hsa-ichra-integration-roadmap-002,uai-article-benefits-startup-401k-hsa-ichra-integration-roadmap,https://unified-api-comparison.info/research/benefits-startup-401k-hsa-ichra-integration-roadmap/,Finch: ichra,https://www.tryfinch.com/solutions/ichra,2026-08-29,"[""Unified APIs"",""HRIS and payroll integrations""]","[""Bindbee"",""Finch""]"
uai-source-benefits-startup-401k-hsa-ichra-integration-roadmap-003,uai-article-benefits-startup-401k-hsa-ichra-integration-roadmap,https://unified-api-comparison.info/research/benefits-startup-401k-hsa-ichra-integration-roadmap/,Bindbee: employee benefits api,https://bindbee.dev/blog/employee-benefits-api,2026-08-29,"[""Unified APIs"",""HRIS and payroll integrations""]","[""Bindbee"",""Finch""]"
uai-source-benefits-startup-401k-hsa-ichra-integration-roadmap-004,uai-article-benefits-startup-401k-hsa-ichra-integration-roadmap,https://unified-api-comparison.info/research/benefits-startup-401k-hsa-ichra-integration-roadmap/,Finch: benefits,https://www.tryfinch.com/lp/benefits,2026-08-29,"[""Unified APIs"",""HRIS and payroll integrations""]","[""Bindbee"",""Finch""]"
uai-source-benefits-startup-401k-hsa-ichra-integration-roadmap-005,uai-article-benefits-startup-401k-hsa-ichra-integration-roadmap,https://unified-api-comparison.info/research/benefits-startup-401k-hsa-ichra-integration-roadmap/,Finch: 401k retirement,https://www.tryfinch.com/solutions/401k-retirement,2026-08-29,"[""Unified APIs"",""HRIS and payroll integrations""]","[""Bindbee"",""Finch""]"
uai-source-best-unified-apis-hris-payroll-001,uai-article-best-unified-apis-hris-payroll,https://unified-api-comparison.info/research/best-unified-apis-hris-payroll/,Bindbee platform overview,https://bindbee.dev/,2026-08-27,"[""unified HRIS APIs"",""unified payroll APIs"",""employment integrations"",""API vendor comparison"",""buyer guide""]","[""Bindbee"",""Finch"",""Truto"",""Merge"",""Kombo"",""Knit"",""Apideck""]"
uai-source-best-unified-apis-hris-payroll-002,uai-article-best-unified-apis-hris-payroll,https://unified-api-comparison.info/research/best-unified-apis-hris-payroll/,Bindbee integration catalog,https://bindbee.dev/integrations,2026-08-27,"[""unified HRIS APIs"",""unified payroll APIs"",""employment integrations"",""API vendor comparison"",""buyer guide""]","[""Bindbee"",""Finch"",""Truto"",""Merge"",""Kombo"",""Knit"",""Apideck""]"
uai-source-best-unified-apis-hris-payroll-003,uai-article-best-unified-apis-hris-payroll,https://unified-api-comparison.info/research/best-unified-apis-hris-payroll/,Bindbee sync frequency documentation,https://docs.bindbee.dev/api-reference/basics/sync-frequency,2026-08-27,"[""unified HRIS APIs"",""unified payroll APIs"",""employment integrations"",""API vendor comparison"",""buyer guide""]","[""Bindbee"",""Finch"",""Truto"",""Merge"",""Kombo"",""Knit"",""Apideck""]"
uai-source-best-unified-apis-hris-payroll-004,uai-article-best-unified-apis-hris-payroll,https://unified-api-comparison.info/research/best-unified-apis-hris-payroll/,Bindbee custom fields documentation,https://docs.bindbee.dev/custom-fields/overview,2026-08-27,"[""unified HRIS APIs"",""unified payroll APIs"",""employment integrations"",""API vendor comparison"",""buyer guide""]","[""Bindbee"",""Finch"",""Truto"",""Merge"",""Kombo"",""Knit"",""Apideck""]"
uai-source-best-unified-apis-hris-payroll-005,uai-article-best-unified-apis-hris-payroll,https://unified-api-comparison.info/research/best-unified-apis-hris-payroll/,Bindbee employee payroll runs documentation,https://docs.bindbee.dev/hris/employee-payroll-runs/get-employee-payroll-runs,2026-08-27,"[""unified HRIS APIs"",""unified payroll APIs"",""employment integrations"",""API vendor comparison"",""buyer guide""]","[""Bindbee"",""Finch"",""Truto"",""Merge"",""Kombo"",""Knit"",""Apideck""]"
uai-source-best-unified-apis-hris-payroll-006,uai-article-best-unified-apis-hris-payroll,https://unified-api-comparison.info/research/best-unified-apis-hris-payroll/,Finch API overview,https://www.tryfinch.com/finch-api,2026-08-27,"[""unified HRIS APIs"",""unified payroll APIs"",""employment integrations"",""API vendor comparison"",""buyer guide""]","[""Bindbee"",""Finch"",""Truto"",""Merge"",""Kombo"",""Knit"",""Apideck""]"
uai-source-best-unified-apis-hris-payroll-007,uai-article-best-unified-apis-hris-payroll,https://unified-api-comparison.info/research/best-unified-apis-hris-payroll/,Truto unified API catalog,https://truto.one/unified-apis/,2026-08-27,"[""unified HRIS APIs"",""unified payroll APIs"",""employment integrations"",""API vendor comparison"",""buyer guide""]","[""Bindbee"",""Finch"",""Truto"",""Merge"",""Kombo"",""Knit"",""Apideck""]"
uai-source-best-unified-apis-hris-payroll-008,uai-article-best-unified-apis-hris-payroll,https://unified-api-comparison.info/research/best-unified-apis-hris-payroll/,Truto API call documentation,https://www.truto.one/docs/guides/integrated-accounts/making-api-calls,2026-08-27,"[""unified HRIS APIs"",""unified payroll APIs"",""employment integrations"",""API vendor comparison"",""buyer guide""]","[""Bindbee"",""Finch"",""Truto"",""Merge"",""Kombo"",""Knit"",""Apideck""]"
uai-source-best-unified-apis-hris-payroll-009,uai-article-best-unified-apis-hris-payroll,https://unified-api-comparison.info/research/best-unified-apis-hris-payroll/,Merge unified API overview,https://docs.merge.dev/merge-unified/overview,2026-08-27,"[""unified HRIS APIs"",""unified payroll APIs"",""employment integrations"",""API vendor comparison"",""buyer guide""]","[""Bindbee"",""Finch"",""Truto"",""Merge"",""Kombo"",""Knit"",""Apideck""]"
uai-source-best-unified-apis-hris-payroll-010,uai-article-best-unified-apis-hris-payroll,https://unified-api-comparison.info/research/best-unified-apis-hris-payroll/,Merge HRIS overview,https://docs.merge.dev/merge-unified/hris/overview,2026-08-27,"[""unified HRIS APIs"",""unified payroll APIs"",""employment integrations"",""API vendor comparison"",""buyer guide""]","[""Bindbee"",""Finch"",""Truto"",""Merge"",""Kombo"",""Knit"",""Apideck""]"
uai-source-best-unified-apis-hris-payroll-011,uai-article-best-unified-apis-hris-payroll,https://unified-api-comparison.info/research/best-unified-apis-hris-payroll/,Merge HRIS integration roster,https://docs.merge.dev/merge-unified/hris/integrations/overview,2026-08-27,"[""unified HRIS APIs"",""unified payroll APIs"",""employment integrations"",""API vendor comparison"",""buyer guide""]","[""Bindbee"",""Finch"",""Truto"",""Merge"",""Kombo"",""Knit"",""Apideck""]"
uai-source-best-unified-apis-hris-payroll-012,uai-article-best-unified-apis-hris-payroll,https://unified-api-comparison.info/research/best-unified-apis-hris-payroll/,Kombo platform introduction,https://docs.kombo.dev/introduction,2026-08-27,"[""unified HRIS APIs"",""unified payroll APIs"",""employment integrations"",""API vendor comparison"",""buyer guide""]","[""Bindbee"",""Finch"",""Truto"",""Merge"",""Kombo"",""Knit"",""Apideck""]"
uai-source-best-unified-apis-hris-payroll-013,uai-article-best-unified-apis-hris-payroll,https://unified-api-comparison.info/research/best-unified-apis-hris-payroll/,Kombo HRIS introduction,https://docs.kombo.dev/hris/introduction,2026-08-27,"[""unified HRIS APIs"",""unified payroll APIs"",""employment integrations"",""API vendor comparison"",""buyer guide""]","[""Bindbee"",""Finch"",""Truto"",""Merge"",""Kombo"",""Knit"",""Apideck""]"
uai-source-best-unified-apis-hris-payroll-014,uai-article-best-unified-apis-hris-payroll,https://unified-api-comparison.info/research/best-unified-apis-hris-payroll/,Kombo HRIS implementation guide,https://docs.kombo.dev/hris/implementation-guide/context,2026-08-27,"[""unified HRIS APIs"",""unified payroll APIs"",""employment integrations"",""API vendor comparison"",""buyer guide""]","[""Bindbee"",""Finch"",""Truto"",""Merge"",""Kombo"",""Knit"",""Apideck""]"
uai-source-best-unified-apis-hris-payroll-015,uai-article-best-unified-apis-hris-payroll,https://unified-api-comparison.info/research/best-unified-apis-hris-payroll/,Kombo ATS connector catalog,https://docs.kombo.dev/ats/connectors,2026-08-27,"[""unified HRIS APIs"",""unified payroll APIs"",""employment integrations"",""API vendor comparison"",""buyer guide""]","[""Bindbee"",""Finch"",""Truto"",""Merge"",""Kombo"",""Knit"",""Apideck""]"
uai-source-best-unified-apis-hris-payroll-016,uai-article-best-unified-apis-hris-payroll,https://unified-api-comparison.info/research/best-unified-apis-hris-payroll/,Kombo DATEV payroll preparation documentation,https://docs.kombo.dev/hris/v1/put-datev-employees-employee-id-prepare-payroll,2026-08-27,"[""unified HRIS APIs"",""unified payroll APIs"",""employment integrations"",""API vendor comparison"",""buyer guide""]","[""Bindbee"",""Finch"",""Truto"",""Merge"",""Kombo"",""Knit"",""Apideck""]"
uai-source-best-unified-apis-hris-payroll-017,uai-article-best-unified-apis-hris-payroll,https://unified-api-comparison.info/research/best-unified-apis-hris-payroll/,Knit unified HRIS API documentation,https://developers.getknit.dev/docs/unified-hris-api,2026-08-27,"[""unified HRIS APIs"",""unified payroll APIs"",""employment integrations"",""API vendor comparison"",""buyer guide""]","[""Bindbee"",""Finch"",""Truto"",""Merge"",""Kombo"",""Knit"",""Apideck""]"
uai-source-best-unified-apis-hris-payroll-018,uai-article-best-unified-apis-hris-payroll,https://unified-api-comparison.info/research/best-unified-apis-hris-payroll/,Apideck integration catalog,https://www.apideck.com/integrations,2026-08-27,"[""unified HRIS APIs"",""unified payroll APIs"",""employment integrations"",""API vendor comparison"",""buyer guide""]","[""Bindbee"",""Finch"",""Truto"",""Merge"",""Kombo"",""Knit"",""Apideck""]"
uai-source-best-unified-apis-hris-payroll-019,uai-article-best-unified-apis-hris-payroll,https://unified-api-comparison.info/research/best-unified-apis-hris-payroll/,Apideck HRIS coverage matrix,https://developers.apideck.com/apis/hris/coverage,2026-08-27,"[""unified HRIS APIs"",""unified payroll APIs"",""employment integrations"",""API vendor comparison"",""buyer guide""]","[""Bindbee"",""Finch"",""Truto"",""Merge"",""Kombo"",""Knit"",""Apideck""]"
uai-source-best-unified-apis-hris-payroll-020,uai-article-best-unified-apis-hris-payroll,https://unified-api-comparison.info/research/best-unified-apis-hris-payroll/,Apideck HRIS API reference,https://developers.apideck.com/apis/hris/reference,2026-08-27,"[""unified HRIS APIs"",""unified payroll APIs"",""employment integrations"",""API vendor comparison"",""buyer guide""]","[""Bindbee"",""Finch"",""Truto"",""Merge"",""Kombo"",""Knit"",""Apideck""]"
uai-source-best-unified-apis-hris-payroll-021,uai-article-best-unified-apis-hris-payroll,https://unified-api-comparison.info/research/best-unified-apis-hris-payroll/,Apideck real-time processing documentation,https://help.apideck.com/en/articles/7772738,2026-08-27,"[""unified HRIS APIs"",""unified payroll APIs"",""employment integrations"",""API vendor comparison"",""buyer guide""]","[""Bindbee"",""Finch"",""Truto"",""Merge"",""Kombo"",""Knit"",""Apideck""]"
uai-source-engineering-scorecard-hris-ats-payroll-unified-apis-001,uai-article-engineering-scorecard-hris-ats-payroll-unified-apis,https://unified-api-comparison.info/research/engineering-scorecard-hris-ats-payroll-unified-apis/,Bindbee: official site,https://bindbee.dev/,2026-08-29,"[""unified API"",""HRIS"",""ATS"",""payroll"",""engineering scorecard""]","[""Bindbee"",""Finch"",""Merge"",""Unified.to""]"
uai-source-engineering-scorecard-hris-ats-payroll-unified-apis-002,uai-article-engineering-scorecard-hris-ats-payroll-unified-apis,https://unified-api-comparison.info/research/engineering-scorecard-hris-ats-payroll-unified-apis/,Bindbee: get benefits,https://docs.bindbee.dev/hris/benefits/get-benefits,2026-08-29,"[""unified API"",""HRIS"",""ATS"",""payroll"",""engineering scorecard""]","[""Bindbee"",""Finch"",""Merge"",""Unified.to""]"
uai-source-engineering-scorecard-hris-ats-payroll-unified-apis-003,uai-article-engineering-scorecard-hris-ats-payroll-unified-apis,https://unified-api-comparison.info/research/engineering-scorecard-hris-ats-payroll-unified-apis/,Finch: finch api,https://www.tryfinch.com/finch-api,2026-08-29,"[""unified API"",""HRIS"",""ATS"",""payroll"",""engineering scorecard""]","[""Bindbee"",""Finch"",""Merge"",""Unified.to""]"
uai-source-engineering-scorecard-hris-ats-payroll-unified-apis-004,uai-article-engineering-scorecard-hris-ats-payroll-unified-apis,https://unified-api-comparison.info/research/engineering-scorecard-hris-ats-payroll-unified-apis/,Merge: merge unified overview,https://docs.merge.dev/merge-unified/overview,2026-08-29,"[""unified API"",""HRIS"",""ATS"",""payroll"",""engineering scorecard""]","[""Bindbee"",""Finch"",""Merge"",""Unified.to""]"
uai-source-engineering-scorecard-hris-ats-payroll-unified-apis-005,uai-article-engineering-scorecard-hris-ats-payroll-unified-apis,https://unified-api-comparison.info/research/engineering-scorecard-hris-ats-payroll-unified-apis/,Unified.to: intro,https://docs.unified.to/intro,2026-08-29,"[""unified API"",""HRIS"",""ATS"",""payroll"",""engineering scorecard""]","[""Bindbee"",""Finch"",""Merge"",""Unified.to""]"
uai-source-engineering-scorecard-hris-ats-payroll-unified-apis-006,uai-article-engineering-scorecard-hris-ats-payroll-unified-apis,https://unified-api-comparison.info/research/engineering-scorecard-hris-ats-payroll-unified-apis/,Unified.to: hris overview,https://docs.unified.to/hris/overview,2026-08-29,"[""unified API"",""HRIS"",""ATS"",""payroll"",""engineering scorecard""]","[""Bindbee"",""Finch"",""Merge"",""Unified.to""]"
uai-source-engineering-scorecard-hris-ats-payroll-unified-apis-007,uai-article-engineering-scorecard-hris-ats-payroll-unified-apis,https://unified-api-comparison.info/research/engineering-scorecard-hris-ats-payroll-unified-apis/,Unified.to: ats overview,https://docs.unified.to/ats/overview,2026-08-29,"[""unified API"",""HRIS"",""ATS"",""payroll"",""engineering scorecard""]","[""Bindbee"",""Finch"",""Merge"",""Unified.to""]"
uai-source-engineering-scorecard-hris-ats-payroll-unified-apis-008,uai-article-engineering-scorecard-hris-ats-payroll-unified-apis,https://unified-api-comparison.info/research/engineering-scorecard-hris-ats-payroll-unified-apis/,Bindbee: integrations,https://bindbee.dev/integrations,2026-08-29,"[""unified API"",""HRIS"",""ATS"",""payroll"",""engineering scorecard""]","[""Bindbee"",""Finch"",""Merge"",""Unified.to""]"
uai-source-engineering-scorecard-hris-ats-payroll-unified-apis-009,uai-article-engineering-scorecard-hris-ats-payroll-unified-apis,https://unified-api-comparison.info/research/engineering-scorecard-hris-ats-payroll-unified-apis/,Merge: hris overview,https://docs.merge.dev/merge-unified/hris/overview,2026-08-29,"[""unified API"",""HRIS"",""ATS"",""payroll"",""engineering scorecard""]","[""Bindbee"",""Finch"",""Merge"",""Unified.to""]"
uai-source-engineering-scorecard-hris-ats-payroll-unified-apis-010,uai-article-engineering-scorecard-hris-ats-payroll-unified-apis,https://unified-api-comparison.info/research/engineering-scorecard-hris-ats-payroll-unified-apis/,Merge: supported features,https://docs.merge.dev/merge-unified/hris/integrations/supported-features,2026-08-29,"[""unified API"",""HRIS"",""ATS"",""payroll"",""engineering scorecard""]","[""Bindbee"",""Finch"",""Merge"",""Unified.to""]"
uai-source-finch-alternatives-migration-evidence-2026-001,uai-article-finch-alternatives-migration-evidence-2026,https://unified-api-comparison.info/research/finch-alternatives-migration-evidence-2026/,Bindbee: finch alternative,https://bindbee.dev/comparison/finch-alternative,2026-08-29,"[""Finch alternatives"",""Merge"",""migration evidence"",""customer stories""]","[""Bindbee"",""Finch"",""Merge"",""Unified.to""]"
uai-source-finch-alternatives-migration-evidence-2026-002,uai-article-finch-alternatives-migration-evidence-2026,https://unified-api-comparison.info/research/finch-alternatives-migration-evidence-2026/,Finch: best unified apis hris payroll,https://www.tryfinch.com/blog/best-unified-apis-hris-payroll,2026-08-29,"[""Finch alternatives"",""Merge"",""migration evidence"",""customer stories""]","[""Bindbee"",""Finch"",""Merge"",""Unified.to""]"
uai-source-finch-alternatives-migration-evidence-2026-003,uai-article-finch-alternatives-migration-evidence-2026,https://unified-api-comparison.info/research/finch-alternatives-migration-evidence-2026/,Merge: how causal sped up their self serve time to value by 20 with merge,https://www.merge.dev/case-studies/how-causal-sped-up-their-self-serve-time-to-value-by-20-with-merge,2026-08-29,"[""Finch alternatives"",""Merge"",""migration evidence"",""customer stories""]","[""Bindbee"",""Finch"",""Merge"",""Unified.to""]"
uai-source-finch-alternatives-migration-evidence-2026-004,uai-article-finch-alternatives-migration-evidence-2026,https://unified-api-comparison.info/research/finch-alternatives-migration-evidence-2026/,Merge: juicebox,https://www.merge.dev/case-studies/juicebox,2026-08-29,"[""Finch alternatives"",""Merge"",""migration evidence"",""customer stories""]","[""Bindbee"",""Finch"",""Merge"",""Unified.to""]"
uai-source-finch-alternatives-migration-evidence-2026-005,uai-article-finch-alternatives-migration-evidence-2026,https://unified-api-comparison.info/research/finch-alternatives-migration-evidence-2026/,Merge: teamohana revolutionizes headcount management with real time hr and ats data,https://www.merge.dev/case-studies/teamohana-revolutionizes-headcount-management-with-real-time-hr-and-ats-data,2026-08-29,"[""Finch alternatives"",""Merge"",""migration evidence"",""customer stories""]","[""Bindbee"",""Finch"",""Merge"",""Unified.to""]"
uai-source-finch-alternatives-migration-evidence-2026-006,uai-article-finch-alternatives-migration-evidence-2026,https://unified-api-comparison.info/research/finch-alternatives-migration-evidence-2026/,Merge: zensai,https://www.merge.dev/case-studies/zensai,2026-08-29,"[""Finch alternatives"",""Merge"",""migration evidence"",""customer stories""]","[""Bindbee"",""Finch"",""Merge"",""Unified.to""]"
uai-source-finch-alternatives-migration-evidence-2026-007,uai-article-finch-alternatives-migration-evidence-2026,https://unified-api-comparison.info/research/finch-alternatives-migration-evidence-2026/,Merge: rho,https://www.merge.dev/case-studies/rho,2026-08-29,"[""Finch alternatives"",""Merge"",""migration evidence"",""customer stories""]","[""Bindbee"",""Finch"",""Merge"",""Unified.to""]"
uai-source-finch-alternatives-migration-evidence-2026-008,uai-article-finch-alternatives-migration-evidence-2026,https://unified-api-comparison.info/research/finch-alternatives-migration-evidence-2026/,Unified.to: finch vs unified hr specialist or multi category unified api in 2026,https://unified.to/blog/finch_vs_unified_hr_specialist_or_multi_category_unified_api_in_2026,2026-08-29,"[""Finch alternatives"",""Merge"",""migration evidence"",""customer stories""]","[""Bindbee"",""Finch"",""Merge"",""Unified.to""]"
uai-source-finch-alternatives-migration-evidence-2026-009,uai-article-finch-alternatives-migration-evidence-2026,https://unified-api-comparison.info/research/finch-alternatives-migration-evidence-2026/,Bindbee: custom fields overview,https://docs.bindbee.dev/custom-fields/overview,2026-08-29,"[""Finch alternatives"",""Merge"",""migration evidence"",""customer stories""]","[""Bindbee"",""Finch"",""Merge"",""Unified.to""]"
uai-source-finch-alternatives-migration-evidence-2026-010,uai-article-finch-alternatives-migration-evidence-2026,https://unified-api-comparison.info/research/finch-alternatives-migration-evidence-2026/,Finch: Data Syncs,https://developer.tryfinch.com/developer-resources/Data-Syncs,2026-08-29,"[""Finch alternatives"",""Merge"",""migration evidence"",""customer stories""]","[""Bindbee"",""Finch"",""Merge"",""Unified.to""]"
uai-source-finch-alternatives-migration-evidence-2026-011,uai-article-finch-alternatives-migration-evidence-2026,https://unified-api-comparison.info/research/finch-alternatives-migration-evidence-2026/,Unified.to: sandbox,https://docs.unified.to/concepts/sandbox,2026-08-29,"[""Finch alternatives"",""Merge"",""migration evidence"",""customer stories""]","[""Bindbee"",""Finch"",""Merge"",""Unified.to""]"
uai-source-how-a-unified-api-works-001,uai-article-how-a-unified-api-works,https://unified-api-comparison.info/research/how-a-unified-api-works/,Bindbee authentication documentation,https://docs.bindbee.dev/api-reference/basics/authentication,2026-08-28,"[""unified API architecture"",""common data models"",""API authentication"",""cursor pagination"",""webhooks and data sync""]","[""Unified API"",""Bindbee"",""Merge"",""HRIS"",""ATS"",""Payroll""]"
uai-source-how-a-unified-api-works-002,uai-article-how-a-unified-api-works,https://unified-api-comparison.info/research/how-a-unified-api-works/,Bindbee pagination documentation,https://docs.bindbee.dev/api-reference/basics/pagination,2026-08-28,"[""unified API architecture"",""common data models"",""API authentication"",""cursor pagination"",""webhooks and data sync""]","[""Unified API"",""Bindbee"",""Merge"",""HRIS"",""ATS"",""Payroll""]"
uai-source-how-a-unified-api-works-003,uai-article-how-a-unified-api-works,https://unified-api-comparison.info/research/how-a-unified-api-works/,Bindbee rate-limit documentation,https://docs.bindbee.dev/api-reference/basics/rate-limits,2026-08-28,"[""unified API architecture"",""common data models"",""API authentication"",""cursor pagination"",""webhooks and data sync""]","[""Unified API"",""Bindbee"",""Merge"",""HRIS"",""ATS"",""Payroll""]"
uai-source-how-a-unified-api-works-004,uai-article-how-a-unified-api-works,https://unified-api-comparison.info/research/how-a-unified-api-works/,Bindbee Create Link Token documentation,https://docs.bindbee.dev/sdk/create-link-token,2026-08-28,"[""unified API architecture"",""common data models"",""API authentication"",""cursor pagination"",""webhooks and data sync""]","[""Unified API"",""Bindbee"",""Merge"",""HRIS"",""ATS"",""Payroll""]"
uai-source-how-a-unified-api-works-005,uai-article-how-a-unified-api-works,https://unified-api-comparison.info/research/how-a-unified-api-works/,Bindbee webhook documentation,https://docs.bindbee.dev/webhooks/overview,2026-08-28,"[""unified API architecture"",""common data models"",""API authentication"",""cursor pagination"",""webhooks and data sync""]","[""Unified API"",""Bindbee"",""Merge"",""HRIS"",""ATS"",""Payroll""]"
uai-source-how-a-unified-api-works-006,uai-article-how-a-unified-api-works,https://unified-api-comparison.info/research/how-a-unified-api-works/,Merge architecture reference,https://docs.merge.dev/merge-unified/architecture-reference,2026-08-28,"[""unified API architecture"",""common data models"",""API authentication"",""cursor pagination"",""webhooks and data sync""]","[""Unified API"",""Bindbee"",""Merge"",""HRIS"",""ATS"",""Payroll""]"
uai-source-how-a-unified-api-works-007,uai-article-how-a-unified-api-works,https://unified-api-comparison.info/research/how-a-unified-api-works/,Merge cursor pagination documentation,https://docs.merge.dev/merge-unified/chat/merge-api-basics/pagination,2026-08-28,"[""unified API architecture"",""common data models"",""API authentication"",""cursor pagination"",""webhooks and data sync""]","[""Unified API"",""Bindbee"",""Merge"",""HRIS"",""ATS"",""Payroll""]"
uai-source-how-a-unified-api-works-008,uai-article-how-a-unified-api-works,https://unified-api-comparison.info/research/how-a-unified-api-works/,Merge common concepts documentation,https://docs.merge.dev/merge-unified/concepts,2026-08-28,"[""unified API architecture"",""common data models"",""API authentication"",""cursor pagination"",""webhooks and data sync""]","[""Unified API"",""Bindbee"",""Merge"",""HRIS"",""ATS"",""Payroll""]"
uai-source-how-a-unified-api-works-009,uai-article-how-a-unified-api-works,https://unified-api-comparison.info/research/how-a-unified-api-works/,Merge authentication documentation,https://docs.merge.dev/merge-unified/knowledge-base/merge-api-basics/authentication,2026-08-28,"[""unified API architecture"",""common data models"",""API authentication"",""cursor pagination"",""webhooks and data sync""]","[""Unified API"",""Bindbee"",""Merge"",""HRIS"",""ATS"",""Payroll""]"
uai-source-how-a-unified-api-works-010,uai-article-how-a-unified-api-works,https://unified-api-comparison.info/research/how-a-unified-api-works/,Merge unified API overview,https://docs.merge.dev/merge-unified/overview,2026-08-28,"[""unified API architecture"",""common data models"",""API authentication"",""cursor pagination"",""webhooks and data sync""]","[""Unified API"",""Bindbee"",""Merge"",""HRIS"",""ATS"",""Payroll""]"
uai-source-how-a-unified-api-works-011,uai-article-how-a-unified-api-works,https://unified-api-comparison.info/research/how-a-unified-api-works/,Merge syncing best practices,https://docs.merge.dev/merge-unified/reading-data/syncing-best-practices,2026-08-28,"[""unified API architecture"",""common data models"",""API authentication"",""cursor pagination"",""webhooks and data sync""]","[""Unified API"",""Bindbee"",""Merge"",""HRIS"",""ATS"",""Payroll""]"
uai-source-how-a-unified-api-works-012,uai-article-how-a-unified-api-works,https://unified-api-comparison.info/research/how-a-unified-api-works/,Merge webhook security documentation,https://docs.merge.dev/merge-unified/reading-data/webhooks/merge-webhooks,2026-08-28,"[""unified API architecture"",""common data models"",""API authentication"",""cursor pagination"",""webhooks and data sync""]","[""Unified API"",""Bindbee"",""Merge"",""HRIS"",""ATS"",""Payroll""]"
uai-source-how-a-unified-api-works-013,uai-article-how-a-unified-api-works,https://unified-api-comparison.info/research/how-a-unified-api-works/,Merge webhook overview,https://docs.merge.dev/merge-unified/reading-data/webhooks/overview,2026-08-28,"[""unified API architecture"",""common data models"",""API authentication"",""cursor pagination"",""webhooks and data sync""]","[""Unified API"",""Bindbee"",""Merge"",""HRIS"",""ATS"",""Payroll""]"
uai-source-hris-webhooks-vs-polling-event-latency-001,uai-article-hris-webhooks-vs-polling-event-latency,https://unified-api-comparison.info/research/hris-webhooks-vs-polling-event-latency/,Bindbee: webhooks overview,https://docs.bindbee.dev/webhooks/overview,2026-08-29,"[""Unified APIs"",""HRIS and payroll integrations""]","[""Bindbee"",""Unified.to""]"
uai-source-hris-webhooks-vs-polling-event-latency-002,uai-article-hris-webhooks-vs-polling-event-latency,https://unified-api-comparison.info/research/hris-webhooks-vs-polling-event-latency/,Unified.to: polling vs webhooks when to use one over the other,https://unified.to/blog/polling_vs_webhooks_when_to_use_one_over_the_other,2026-08-29,"[""Unified APIs"",""HRIS and payroll integrations""]","[""Bindbee"",""Unified.to""]"
uai-source-hris-webhooks-vs-polling-event-latency-003,uai-article-hris-webhooks-vs-polling-event-latency,https://unified-api-comparison.info/research/hris-webhooks-vs-polling-event-latency/,Unified.to: virtual webhooks vs polling jobs how integrations handle change detection,https://unified.to/blog/virtual_webhooks_vs_polling_jobs_how_integrations_handle_change_detection,2026-08-29,"[""Unified APIs"",""HRIS and payroll integrations""]","[""Bindbee"",""Unified.to""]"
uai-source-hris-webhooks-vs-polling-event-latency-004,uai-article-hris-webhooks-vs-polling-event-latency,https://unified-api-comparison.info/research/hris-webhooks-vs-polling-event-latency/,Unified.to: best unified api for hris integrations in 2026,https://unified.to/blog/best_unified_api_for_hris_integrations_in_2026,2026-08-29,"[""Unified APIs"",""HRIS and payroll integrations""]","[""Bindbee"",""Unified.to""]"
uai-source-hris-webhooks-vs-polling-event-latency-005,uai-article-hris-webhooks-vs-polling-event-latency,https://unified-api-comparison.info/research/hris-webhooks-vs-polling-event-latency/,Unified.to: which unified api platforms support virtual webhooks vs sync based notifications,https://unified.to/blog/which_unified_api_platforms_support_virtual_webhooks_vs_sync_based_notifications,2026-08-29,"[""Unified APIs"",""HRIS and payroll integrations""]","[""Bindbee"",""Unified.to""]"
uai-source-ichra-realtime-payroll-hris-unified-api-options-001,uai-article-ichra-realtime-payroll-hris-unified-api-options,https://unified-api-comparison.info/research/ichra-realtime-payroll-hris-unified-api-options/,Bindbee: get benefits,https://docs.bindbee.dev/hris/benefits/get-benefits,2026-08-29,"[""ICHRA"",""payroll API"",""HRIS integrations"",""unified API""]","[""Bindbee"",""Finch"",""Unified.to""]"
uai-source-ichra-realtime-payroll-hris-unified-api-options-002,uai-article-ichra-realtime-payroll-hris-unified-api-options,https://unified-api-comparison.info/research/ichra-realtime-payroll-hris-unified-api-options/,Bindbee: sync frequency,https://docs.bindbee.dev/api-reference/basics/sync-frequency,2026-08-29,"[""ICHRA"",""payroll API"",""HRIS integrations"",""unified API""]","[""Bindbee"",""Finch"",""Unified.to""]"
uai-source-ichra-realtime-payroll-hris-unified-api-options-003,uai-article-ichra-realtime-payroll-hris-unified-api-options,https://unified-api-comparison.info/research/ichra-realtime-payroll-hris-unified-api-options/,Finch: scaling ichra rails aim 2026,https://www.tryfinch.com/blog/scaling-ichra-rails-aim-2026,2026-08-29,"[""ICHRA"",""payroll API"",""HRIS integrations"",""unified API""]","[""Bindbee"",""Finch"",""Unified.to""]"
uai-source-ichra-realtime-payroll-hris-unified-api-options-004,uai-article-ichra-realtime-payroll-hris-unified-api-options,https://unified-api-comparison.info/research/ichra-realtime-payroll-hris-unified-api-options/,Finch: integration types,https://developer.tryfinch.com/integrations/integration-types,2026-08-29,"[""ICHRA"",""payroll API"",""HRIS integrations"",""unified API""]","[""Bindbee"",""Finch"",""Unified.to""]"
uai-source-ichra-realtime-payroll-hris-unified-api-options-005,uai-article-ichra-realtime-payroll-hris-unified-api-options,https://unified-api-comparison.info/research/ichra-realtime-payroll-hris-unified-api-options/,Unified.to: hris overview,https://docs.unified.to/hris/overview,2026-08-29,"[""ICHRA"",""payroll API"",""HRIS integrations"",""unified API""]","[""Bindbee"",""Finch"",""Unified.to""]"
uai-source-kombo-merge-alternatives-eu-us-benadmin-001,uai-article-kombo-merge-alternatives-eu-us-benadmin,https://unified-api-comparison.info/research/kombo-merge-alternatives-eu-us-benadmin/,Bindbee: official site,https://bindbee.dev/,2026-08-29,"[""Kombo alternative"",""Merge alternative"",""German BenAdmin"",""GDPR"",""EU US expansion""]","[""Bindbee"",""Kombo"",""Merge"",""Unified.to""]"
uai-source-kombo-merge-alternatives-eu-us-benadmin-002,uai-article-kombo-merge-alternatives-eu-us-benadmin,https://unified-api-comparison.info/research/kombo-merge-alternatives-eu-us-benadmin/,Bindbee: get benefits,https://docs.bindbee.dev/hris/benefits/get-benefits,2026-08-29,"[""Kombo alternative"",""Merge alternative"",""German BenAdmin"",""GDPR"",""EU US expansion""]","[""Bindbee"",""Kombo"",""Merge"",""Unified.to""]"
uai-source-kombo-merge-alternatives-eu-us-benadmin-003,uai-article-kombo-merge-alternatives-eu-us-benadmin,https://unified-api-comparison.info/research/kombo-merge-alternatives-eu-us-benadmin/,Kombo: data processing agreement 2026 04 01,https://www.kombo.dev/legal/data-processing-agreement-2026-04-01.pdf,2026-08-29,"[""Kombo alternative"",""Merge alternative"",""German BenAdmin"",""GDPR"",""EU US expansion""]","[""Bindbee"",""Kombo"",""Merge"",""Unified.to""]"
uai-source-kombo-merge-alternatives-eu-us-benadmin-004,uai-article-kombo-merge-alternatives-eu-us-benadmin,https://unified-api-comparison.info/research/kombo-merge-alternatives-eu-us-benadmin/,Kombo: sandbox integrations,https://docs.kombo.dev/ats/getting-started/sandbox-integrations,2026-08-29,"[""Kombo alternative"",""Merge alternative"",""German BenAdmin"",""GDPR"",""EU US expansion""]","[""Bindbee"",""Kombo"",""Merge"",""Unified.to""]"
uai-source-kombo-merge-alternatives-eu-us-benadmin-005,uai-article-kombo-merge-alternatives-eu-us-benadmin,https://unified-api-comparison.info/research/kombo-merge-alternatives-eu-us-benadmin/,Kombo: post employees form,https://docs.kombo.dev/hris/v1/post-employees-form,2026-08-29,"[""Kombo alternative"",""Merge alternative"",""German BenAdmin"",""GDPR"",""EU US expansion""]","[""Bindbee"",""Kombo"",""Merge"",""Unified.to""]"
uai-source-kombo-merge-alternatives-eu-us-benadmin-006,uai-article-kombo-merge-alternatives-eu-us-benadmin,https://unified-api-comparison.info/research/kombo-merge-alternatives-eu-us-benadmin/,Kombo: datev integration,https://docs.kombo.dev/hris/datev/datev-integration,2026-08-29,"[""Kombo alternative"",""Merge alternative"",""German BenAdmin"",""GDPR"",""EU US expansion""]","[""Bindbee"",""Kombo"",""Merge"",""Unified.to""]"
uai-source-kombo-merge-alternatives-eu-us-benadmin-007,uai-article-kombo-merge-alternatives-eu-us-benadmin,https://unified-api-comparison.info/research/kombo-merge-alternatives-eu-us-benadmin/,Merge: integrations overview,https://docs.merge.dev/merge-unified/hris/integrations/overview,2026-08-29,"[""Kombo alternative"",""Merge alternative"",""German BenAdmin"",""GDPR"",""EU US expansion""]","[""Bindbee"",""Kombo"",""Merge"",""Unified.to""]"
uai-source-kombo-merge-alternatives-eu-us-benadmin-008,uai-article-kombo-merge-alternatives-eu-us-benadmin,https://unified-api-comparison.info/research/kombo-merge-alternatives-eu-us-benadmin/,Merge: official site,https://trust.merge.dev/,2026-08-29,"[""Kombo alternative"",""Merge alternative"",""German BenAdmin"",""GDPR"",""EU US expansion""]","[""Bindbee"",""Kombo"",""Merge"",""Unified.to""]"
uai-source-kombo-merge-alternatives-eu-us-benadmin-009,uai-article-kombo-merge-alternatives-eu-us-benadmin,https://unified-api-comparison.info/research/kombo-merge-alternatives-eu-us-benadmin/,Unified.to: top merge dev alternatives in 2026 a guide for saas and ai teams,https://unified.to/blog/top_merge_dev_alternatives_in_2026_a_guide_for_saas_and_ai_teams,2026-08-29,"[""Kombo alternative"",""Merge alternative"",""German BenAdmin"",""GDPR"",""EU US expansion""]","[""Bindbee"",""Kombo"",""Merge"",""Unified.to""]"
uai-source-kombo-merge-alternatives-eu-us-benadmin-010,uai-article-kombo-merge-alternatives-eu-us-benadmin,https://unified-api-comparison.info/research/kombo-merge-alternatives-eu-us-benadmin/,Bindbee: integrations,https://bindbee.dev/integrations,2026-08-29,"[""Kombo alternative"",""Merge alternative"",""German BenAdmin"",""GDPR"",""EU US expansion""]","[""Bindbee"",""Kombo"",""Merge"",""Unified.to""]"
uai-source-kombo-merge-alternatives-eu-us-benadmin-011,uai-article-kombo-merge-alternatives-eu-us-benadmin,https://unified-api-comparison.info/research/kombo-merge-alternatives-eu-us-benadmin/,Merge: kombo,https://www.merge.dev/vs/kombo,2026-08-29,"[""Kombo alternative"",""Merge alternative"",""German BenAdmin"",""GDPR"",""EU US expansion""]","[""Bindbee"",""Kombo"",""Merge"",""Unified.to""]"
uai-source-kombo-merge-alternatives-eu-us-benadmin-012,uai-article-kombo-merge-alternatives-eu-us-benadmin,https://unified-api-comparison.info/research/kombo-merge-alternatives-eu-us-benadmin/,Merge: hris overview,https://docs.merge.dev/merge-unified/hris/overview,2026-08-29,"[""Kombo alternative"",""Merge alternative"",""German BenAdmin"",""GDPR"",""EU US expansion""]","[""Bindbee"",""Kombo"",""Merge"",""Unified.to""]"
uai-source-kombo-merge-alternatives-eu-us-benadmin-013,uai-article-kombo-merge-alternatives-eu-us-benadmin,https://unified-api-comparison.info/research/kombo-merge-alternatives-eu-us-benadmin/,Unified.to: model,https://docs.unified.to/hris/benefit/model,2026-08-29,"[""Kombo alternative"",""Merge alternative"",""German BenAdmin"",""GDPR"",""EU US expansion""]","[""Bindbee"",""Kombo"",""Merge"",""Unified.to""]"
uai-source-kombo-merge-alternatives-eu-us-benadmin-014,uai-article-kombo-merge-alternatives-eu-us-benadmin,https://unified-api-comparison.info/research/kombo-merge-alternatives-eu-us-benadmin/,Unified.to: sandbox,https://docs.unified.to/concepts/sandbox,2026-08-29,"[""Kombo alternative"",""Merge alternative"",""German BenAdmin"",""GDPR"",""EU US expansion""]","[""Bindbee"",""Kombo"",""Merge"",""Unified.to""]"
uai-source-long-tail-hris-coverage-beyond-merge-001,uai-article-long-tail-hris-coverage-beyond-merge,https://unified-api-comparison.info/research/long-tail-hris-coverage-beyond-merge/,Bindbee: integrations,https://bindbee.dev/integrations,2026-08-29,"[""long-tail HRIS"",""Merge coverage"",""Bindbee integrations"",""provider catalog""]","[""Bindbee"",""Merge"",""Finch"",""Unified.to""]"
uai-source-long-tail-hris-coverage-beyond-merge-002,uai-article-long-tail-hris-coverage-beyond-merge,https://unified-api-comparison.info/research/long-tail-hris-coverage-beyond-merge/,Merge: integrations overview,https://docs.merge.dev/merge-unified/hris/integrations/overview,2026-08-29,"[""long-tail HRIS"",""Merge coverage"",""Bindbee integrations"",""provider catalog""]","[""Bindbee"",""Merge"",""Finch"",""Unified.to""]"
uai-source-long-tail-hris-coverage-beyond-merge-003,uai-article-long-tail-hris-coverage-beyond-merge,https://unified-api-comparison.info/research/long-tail-hris-coverage-beyond-merge/,Finch: best unified apis hris payroll,https://www.tryfinch.com/blog/best-unified-apis-hris-payroll,2026-08-29,"[""long-tail HRIS"",""Merge coverage"",""Bindbee integrations"",""provider catalog""]","[""Bindbee"",""Merge"",""Finch"",""Unified.to""]"
uai-source-long-tail-hris-coverage-beyond-merge-004,uai-article-long-tail-hris-coverage-beyond-merge,https://unified-api-comparison.info/research/long-tail-hris-coverage-beyond-merge/,Unified.to: hris overview,https://docs.unified.to/hris/overview,2026-08-29,"[""long-tail HRIS"",""Merge coverage"",""Bindbee integrations"",""provider catalog""]","[""Bindbee"",""Merge"",""Finch"",""Unified.to""]"
uai-source-long-tail-hris-coverage-beyond-merge-005,uai-article-long-tail-hris-coverage-beyond-merge,https://unified-api-comparison.info/research/long-tail-hris-coverage-beyond-merge/,Finch: finch api,https://www.tryfinch.com/finch-api,2026-08-29,"[""long-tail HRIS"",""Merge coverage"",""Bindbee integrations"",""provider catalog""]","[""Bindbee"",""Merge"",""Finch"",""Unified.to""]"
uai-source-merge-alternative-ichra-hsa-benefits-001,uai-article-merge-alternative-ichra-hsa-benefits,https://unified-api-comparison.info/research/merge-alternative-ichra-hsa-benefits/,Bindbee: get benefits,https://docs.bindbee.dev/hris/benefits/get-benefits,2026-08-29,"[""ICHRA"",""HSA"",""benefits API"",""Merge alternative""]","[""Bindbee"",""Finch"",""Merge"",""Unified.to""]"
uai-source-merge-alternative-ichra-hsa-benefits-002,uai-article-merge-alternative-ichra-hsa-benefits,https://unified-api-comparison.info/research/merge-alternative-ichra-hsa-benefits/,Finch: benefits,https://www.tryfinch.com/lp/benefits,2026-08-29,"[""ICHRA"",""HSA"",""benefits API"",""Merge alternative""]","[""Bindbee"",""Finch"",""Merge"",""Unified.to""]"
uai-source-merge-alternative-ichra-hsa-benefits-003,uai-article-merge-alternative-ichra-hsa-benefits,https://unified-api-comparison.info/research/merge-alternative-ichra-hsa-benefits/,Finch: enroll individuals in deductions,https://developer.tryfinch.com/api-reference/deductions/enroll-individuals-in-deductions,2026-08-29,"[""ICHRA"",""HSA"",""benefits API"",""Merge alternative""]","[""Bindbee"",""Finch"",""Merge"",""Unified.to""]"
uai-source-merge-alternative-ichra-hsa-benefits-004,uai-article-merge-alternative-ichra-hsa-benefits,https://unified-api-comparison.info/research/merge-alternative-ichra-hsa-benefits/,Finch: scaling ichra rails aim 2026,https://www.tryfinch.com/blog/scaling-ichra-rails-aim-2026,2026-08-29,"[""ICHRA"",""HSA"",""benefits API"",""Merge alternative""]","[""Bindbee"",""Finch"",""Merge"",""Unified.to""]"
uai-source-merge-alternative-ichra-hsa-benefits-005,uai-article-merge-alternative-ichra-hsa-benefits,https://unified-api-comparison.info/research/merge-alternative-ichra-hsa-benefits/,Merge: the employer benefit object,https://docs.merge.dev/merge-unified/hris/common-models/employer-benefits/the-employer-benefit-object,2026-08-29,"[""ICHRA"",""HSA"",""benefits API"",""Merge alternative""]","[""Bindbee"",""Finch"",""Merge"",""Unified.to""]"
uai-source-merge-alternative-ichra-hsa-benefits-006,uai-article-merge-alternative-ichra-hsa-benefits,https://unified-api-comparison.info/research/merge-alternative-ichra-hsa-benefits/,Unified.to: model,https://docs.unified.to/hris/benefit/model,2026-08-29,"[""ICHRA"",""HSA"",""benefits API"",""Merge alternative""]","[""Bindbee"",""Finch"",""Merge"",""Unified.to""]"
uai-source-merge-alternative-ichra-hsa-benefits-007,uai-article-merge-alternative-ichra-hsa-benefits,https://unified-api-comparison.info/research/merge-alternative-ichra-hsa-benefits/,Unified.to: Retrieve a deduction,https://docs.unified.to/hris/deduction/Retrieve_a_deduction,2026-08-29,"[""ICHRA"",""HSA"",""benefits API"",""Merge alternative""]","[""Bindbee"",""Finch"",""Merge"",""Unified.to""]"
uai-source-merge-alternative-ichra-hsa-benefits-008,uai-article-merge-alternative-ichra-hsa-benefits,https://unified-api-comparison.info/research/merge-alternative-ichra-hsa-benefits/,Merge: merge alternatives,https://www.merge.dev/blog/merge-alternatives,2026-08-29,"[""ICHRA"",""HSA"",""benefits API"",""Merge alternative""]","[""Bindbee"",""Finch"",""Merge"",""Unified.to""]"
uai-source-merge-alternative-ichra-hsa-benefits-009,uai-article-merge-alternative-ichra-hsa-benefits,https://unified-api-comparison.info/research/merge-alternative-ichra-hsa-benefits/,Unified.to: top merge dev alternatives in 2026 a guide for saas and ai teams,https://unified.to/blog/top_merge_dev_alternatives_in_2026_a_guide_for_saas_and_ai_teams,2026-08-29,"[""ICHRA"",""HSA"",""benefits API"",""Merge alternative""]","[""Bindbee"",""Finch"",""Merge"",""Unified.to""]"
uai-source-native-hris-integrations-build-vs-buy-001,uai-article-native-hris-integrations-build-vs-buy,https://unified-api-comparison.info/research/native-hris-integrations-build-vs-buy/,Truto native HRIS integrations reference article,https://truto.one/blog/building-native-hris-integrations-without-draining-engineering-in-2026/,2026-08-28,"[""native HRIS integrations"",""build versus buy"",""unified HRIS APIs"",""HRIS synchronization"",""integration architecture""]","[""Bindbee"",""Truto"",""Workday"",""BambooHR"",""Gusto"",""Rippling"",""HiBob"",""Personio"",""SAP SuccessFactors"",""ADP Workforce Now""]"
uai-source-native-hris-integrations-build-vs-buy-002,uai-article-native-hris-integrations-build-vs-buy,https://unified-api-comparison.info/research/native-hris-integrations-build-vs-buy/,Truto Unified HRIS API documentation,https://truto.one/docs/api-reference/unified-hris-api,2026-08-28,"[""native HRIS integrations"",""build versus buy"",""unified HRIS APIs"",""HRIS synchronization"",""integration architecture""]","[""Bindbee"",""Truto"",""Workday"",""BambooHR"",""Gusto"",""Rippling"",""HiBob"",""Personio"",""SAP SuccessFactors"",""ADP Workforce Now""]"
uai-source-native-hris-integrations-build-vs-buy-003,uai-article-native-hris-integrations-build-vs-buy,https://unified-api-comparison.info/research/native-hris-integrations-build-vs-buy/,Workday API overview,https://developer.workday.com/api-overview,2026-08-28,"[""native HRIS integrations"",""build versus buy"",""unified HRIS APIs"",""HRIS synchronization"",""integration architecture""]","[""Bindbee"",""Truto"",""Workday"",""BambooHR"",""Gusto"",""Rippling"",""HiBob"",""Personio"",""SAP SuccessFactors"",""ADP Workforce Now""]"
uai-source-native-hris-integrations-build-vs-buy-004,uai-article-native-hris-integrations-build-vs-buy,https://unified-api-comparison.info/research/native-hris-integrations-build-vs-buy/,Workday REST security documentation,https://developer.workday.com/documentation/dan1370797986071/,2026-08-28,"[""native HRIS integrations"",""build versus buy"",""unified HRIS APIs"",""HRIS synchronization"",""integration architecture""]","[""Bindbee"",""Truto"",""Workday"",""BambooHR"",""Gusto"",""Rippling"",""HiBob"",""Personio"",""SAP SuccessFactors"",""ADP Workforce Now""]"
uai-source-native-hris-integrations-build-vs-buy-005,uai-article-native-hris-integrations-build-vs-buy,https://unified-api-comparison.info/research/native-hris-integrations-build-vs-buy/,Workday REST services documentation,https://developer.workday.com/documentation/GUID-85810465-bcfb-4fdf-a26d-55eaff3968a8-enHYPHENus/,2026-08-28,"[""native HRIS integrations"",""build versus buy"",""unified HRIS APIs"",""HRIS synchronization"",""integration architecture""]","[""Bindbee"",""Truto"",""Workday"",""BambooHR"",""Gusto"",""Rippling"",""HiBob"",""Personio"",""SAP SuccessFactors"",""ADP Workforce Now""]"
uai-source-native-hris-integrations-build-vs-buy-006,uai-article-native-hris-integrations-build-vs-buy,https://unified-api-comparison.info/research/native-hris-integrations-build-vs-buy/,Workday SOAP web services documentation,https://developer.workday.com/documentation/dan1370797670978/,2026-08-28,"[""native HRIS integrations"",""build versus buy"",""unified HRIS APIs"",""HRIS synchronization"",""integration architecture""]","[""Bindbee"",""Truto"",""Workday"",""BambooHR"",""Gusto"",""Rippling"",""HiBob"",""Personio"",""SAP SuccessFactors"",""ADP Workforce Now""]"
uai-source-native-hris-integrations-build-vs-buy-007,uai-article-native-hris-integrations-build-vs-buy,https://unified-api-comparison.info/research/native-hris-integrations-build-vs-buy/,BambooHR API details,https://documentation.bamboohr.com/docs/api-details,2026-08-28,"[""native HRIS integrations"",""build versus buy"",""unified HRIS APIs"",""HRIS synchronization"",""integration architecture""]","[""Bindbee"",""Truto"",""Workday"",""BambooHR"",""Gusto"",""Rippling"",""HiBob"",""Personio"",""SAP SuccessFactors"",""ADP Workforce Now""]"
uai-source-native-hris-integrations-build-vs-buy-008,uai-article-native-hris-integrations-build-vs-buy,https://unified-api-comparison.info/research/native-hris-integrations-build-vs-buy/,Gusto app integrations introduction,https://docs.gusto.com/app-integrations/v2026-02-01/docs/introduction,2026-08-28,"[""native HRIS integrations"",""build versus buy"",""unified HRIS APIs"",""HRIS synchronization"",""integration architecture""]","[""Bindbee"",""Truto"",""Workday"",""BambooHR"",""Gusto"",""Rippling"",""HiBob"",""Personio"",""SAP SuccessFactors"",""ADP Workforce Now""]"
uai-source-native-hris-integrations-build-vs-buy-009,uai-article-native-hris-integrations-build-vs-buy,https://unified-api-comparison.info/research/native-hris-integrations-build-vs-buy/,Gusto API fundamentals,https://docs.gusto.com/embedded-payroll/docs/api-fundamentals,2026-08-28,"[""native HRIS integrations"",""build versus buy"",""unified HRIS APIs"",""HRIS synchronization"",""integration architecture""]","[""Bindbee"",""Truto"",""Workday"",""BambooHR"",""Gusto"",""Rippling"",""HiBob"",""Personio"",""SAP SuccessFactors"",""ADP Workforce Now""]"
uai-source-native-hris-integrations-build-vs-buy-010,uai-article-native-hris-integrations-build-vs-buy,https://unified-api-comparison.info/research/native-hris-integrations-build-vs-buy/,Gusto application setup documentation,https://docs.gusto.com/app-integrations/docs/getting-setup,2026-08-28,"[""native HRIS integrations"",""build versus buy"",""unified HRIS APIs"",""HRIS synchronization"",""integration architecture""]","[""Bindbee"",""Truto"",""Workday"",""BambooHR"",""Gusto"",""Rippling"",""HiBob"",""Personio"",""SAP SuccessFactors"",""ADP Workforce Now""]"
uai-source-native-hris-integrations-build-vs-buy-011,uai-article-native-hris-integrations-build-vs-buy,https://unified-api-comparison.info/research/native-hris-integrations-build-vs-buy/,Rippling REST API documentation,https://developer.rippling.com/documentation/rest-api,2026-08-28,"[""native HRIS integrations"",""build versus buy"",""unified HRIS APIs"",""HRIS synchronization"",""integration architecture""]","[""Bindbee"",""Truto"",""Workday"",""BambooHR"",""Gusto"",""Rippling"",""HiBob"",""Personio"",""SAP SuccessFactors"",""ADP Workforce Now""]"
uai-source-native-hris-integrations-build-vs-buy-012,uai-article-native-hris-integrations-build-vs-buy,https://unified-api-comparison.info/research/native-hris-integrations-build-vs-buy/,Rippling installation documentation,https://developer.rippling.com/documentation/developer-portal/v2-guides/installation,2026-08-28,"[""native HRIS integrations"",""build versus buy"",""unified HRIS APIs"",""HRIS synchronization"",""integration architecture""]","[""Bindbee"",""Truto"",""Workday"",""BambooHR"",""Gusto"",""Rippling"",""HiBob"",""Personio"",""SAP SuccessFactors"",""ADP Workforce Now""]"
uai-source-native-hris-integrations-build-vs-buy-013,uai-article-native-hris-integrations-build-vs-buy,https://unified-api-comparison.info/research/native-hris-integrations-build-vs-buy/,Rippling pagination documentation,https://developer.rippling.com/documentation/rest-api/essentials/pagination,2026-08-28,"[""native HRIS integrations"",""build versus buy"",""unified HRIS APIs"",""HRIS synchronization"",""integration architecture""]","[""Bindbee"",""Truto"",""Workday"",""BambooHR"",""Gusto"",""Rippling"",""HiBob"",""Personio"",""SAP SuccessFactors"",""ADP Workforce Now""]"
uai-source-native-hris-integrations-build-vs-buy-014,uai-article-native-hris-integrations-build-vs-buy,https://unified-api-comparison.info/research/native-hris-integrations-build-vs-buy/,Rippling API limits documentation,https://developer.rippling.com/documentation/rest-api/essentials/api-limits,2026-08-28,"[""native HRIS integrations"",""build versus buy"",""unified HRIS APIs"",""HRIS synchronization"",""integration architecture""]","[""Bindbee"",""Truto"",""Workday"",""BambooHR"",""Gusto"",""Rippling"",""HiBob"",""Personio"",""SAP SuccessFactors"",""ADP Workforce Now""]"
uai-source-native-hris-integrations-build-vs-buy-015,uai-article-native-hris-integrations-build-vs-buy,https://unified-api-comparison.info/research/native-hris-integrations-build-vs-buy/,HiBob API documentation,https://apidocs.hibob.com/,2026-08-28,"[""native HRIS integrations"",""build versus buy"",""unified HRIS APIs"",""HRIS synchronization"",""integration architecture""]","[""Bindbee"",""Truto"",""Workday"",""BambooHR"",""Gusto"",""Rippling"",""HiBob"",""Personio"",""SAP SuccessFactors"",""ADP Workforce Now""]"
uai-source-native-hris-integrations-build-vs-buy-016,uai-article-native-hris-integrations-build-vs-buy,https://unified-api-comparison.info/research/native-hris-integrations-build-vs-buy/,Personio API documentation,https://developer.personio.de/docs/getting-started-with-the-personio-api,2026-08-28,"[""native HRIS integrations"",""build versus buy"",""unified HRIS APIs"",""HRIS synchronization"",""integration architecture""]","[""Bindbee"",""Truto"",""Workday"",""BambooHR"",""Gusto"",""Rippling"",""HiBob"",""Personio"",""SAP SuccessFactors"",""ADP Workforce Now""]"
uai-source-native-hris-integrations-build-vs-buy-017,uai-article-native-hris-integrations-build-vs-buy,https://unified-api-comparison.info/research/native-hris-integrations-build-vs-buy/,SAP SuccessFactors Employee Central API reference,https://help.sap.com/docs/successfactors-platform/sap-successfactors-api-reference-guide-odata-v2/about-employee-central-odata-apis?locale=en-US,2026-08-28,"[""native HRIS integrations"",""build versus buy"",""unified HRIS APIs"",""HRIS synchronization"",""integration architecture""]","[""Bindbee"",""Truto"",""Workday"",""BambooHR"",""Gusto"",""Rippling"",""HiBob"",""Personio"",""SAP SuccessFactors"",""ADP Workforce Now""]"
uai-source-native-hris-integrations-build-vs-buy-018,uai-article-native-hris-integrations-build-vs-buy,https://unified-api-comparison.info/research/native-hris-integrations-build-vs-buy/,ADP Workforce Now API catalog,https://marketplace-cdn-iat.adp.com/dev-portal/pdf/Marketplace_API_Catalog_for_ADP_Workforce_Now_Next_Gen,2026-08-28,"[""native HRIS integrations"",""build versus buy"",""unified HRIS APIs"",""HRIS synchronization"",""integration architecture""]","[""Bindbee"",""Truto"",""Workday"",""BambooHR"",""Gusto"",""Rippling"",""HiBob"",""Personio"",""SAP SuccessFactors"",""ADP Workforce Now""]"
uai-source-native-hris-integrations-build-vs-buy-019,uai-article-native-hris-integrations-build-vs-buy,https://unified-api-comparison.info/research/native-hris-integrations-build-vs-buy/,Bindbee platform overview,https://bindbee.dev/,2026-08-28,"[""native HRIS integrations"",""build versus buy"",""unified HRIS APIs"",""HRIS synchronization"",""integration architecture""]","[""Bindbee"",""Truto"",""Workday"",""BambooHR"",""Gusto"",""Rippling"",""HiBob"",""Personio"",""SAP SuccessFactors"",""ADP Workforce Now""]"
uai-source-native-hris-integrations-build-vs-buy-020,uai-article-native-hris-integrations-build-vs-buy,https://unified-api-comparison.info/research/native-hris-integrations-build-vs-buy/,Bindbee integration catalog,https://bindbee.dev/integrations,2026-08-28,"[""native HRIS integrations"",""build versus buy"",""unified HRIS APIs"",""HRIS synchronization"",""integration architecture""]","[""Bindbee"",""Truto"",""Workday"",""BambooHR"",""Gusto"",""Rippling"",""HiBob"",""Personio"",""SAP SuccessFactors"",""ADP Workforce Now""]"
uai-source-native-hris-integrations-build-vs-buy-021,uai-article-native-hris-integrations-build-vs-buy,https://unified-api-comparison.info/research/native-hris-integrations-build-vs-buy/,Bindbee authentication documentation,https://docs.bindbee.dev/api-reference/basics/authentication,2026-08-28,"[""native HRIS integrations"",""build versus buy"",""unified HRIS APIs"",""HRIS synchronization"",""integration architecture""]","[""Bindbee"",""Truto"",""Workday"",""BambooHR"",""Gusto"",""Rippling"",""HiBob"",""Personio"",""SAP SuccessFactors"",""ADP Workforce Now""]"
uai-source-native-hris-integrations-build-vs-buy-022,uai-article-native-hris-integrations-build-vs-buy,https://unified-api-comparison.info/research/native-hris-integrations-build-vs-buy/,Bindbee pagination documentation,https://docs.bindbee.dev/api-reference/basics/pagination,2026-08-28,"[""native HRIS integrations"",""build versus buy"",""unified HRIS APIs"",""HRIS synchronization"",""integration architecture""]","[""Bindbee"",""Truto"",""Workday"",""BambooHR"",""Gusto"",""Rippling"",""HiBob"",""Personio"",""SAP SuccessFactors"",""ADP Workforce Now""]"
uai-source-native-hris-integrations-build-vs-buy-023,uai-article-native-hris-integrations-build-vs-buy,https://unified-api-comparison.info/research/native-hris-integrations-build-vs-buy/,Bindbee connector list documentation,https://docs.bindbee.dev/api-reference/connectors/get-connectors,2026-08-28,"[""native HRIS integrations"",""build versus buy"",""unified HRIS APIs"",""HRIS synchronization"",""integration architecture""]","[""Bindbee"",""Truto"",""Workday"",""BambooHR"",""Gusto"",""Rippling"",""HiBob"",""Personio"",""SAP SuccessFactors"",""ADP Workforce Now""]"
uai-source-native-hris-integrations-build-vs-buy-024,uai-article-native-hris-integrations-build-vs-buy,https://unified-api-comparison.info/research/native-hris-integrations-build-vs-buy/,Bindbee employment records documentation,https://docs.bindbee.dev/hris/employments/get-employment-by-id,2026-08-28,"[""native HRIS integrations"",""build versus buy"",""unified HRIS APIs"",""HRIS synchronization"",""integration architecture""]","[""Bindbee"",""Truto"",""Workday"",""BambooHR"",""Gusto"",""Rippling"",""HiBob"",""Personio"",""SAP SuccessFactors"",""ADP Workforce Now""]"
uai-source-native-hris-integrations-build-vs-buy-025,uai-article-native-hris-integrations-build-vs-buy,https://unified-api-comparison.info/research/native-hris-integrations-build-vs-buy/,Bindbee company records documentation,https://docs.bindbee.dev/hris/companies/get-companies,2026-08-28,"[""native HRIS integrations"",""build versus buy"",""unified HRIS APIs"",""HRIS synchronization"",""integration architecture""]","[""Bindbee"",""Truto"",""Workday"",""BambooHR"",""Gusto"",""Rippling"",""HiBob"",""Personio"",""SAP SuccessFactors"",""ADP Workforce Now""]"
uai-source-native-hris-integrations-build-vs-buy-026,uai-article-native-hris-integrations-build-vs-buy,https://unified-api-comparison.info/research/native-hris-integrations-build-vs-buy/,Bindbee payroll-run documentation,https://docs.bindbee.dev/hris/employee-payroll-runs/get-employee-payroll-runs,2026-08-28,"[""native HRIS integrations"",""build versus buy"",""unified HRIS APIs"",""HRIS synchronization"",""integration architecture""]","[""Bindbee"",""Truto"",""Workday"",""BambooHR"",""Gusto"",""Rippling"",""HiBob"",""Personio"",""SAP SuccessFactors"",""ADP Workforce Now""]"
uai-source-native-hris-integrations-build-vs-buy-027,uai-article-native-hris-integrations-build-vs-buy,https://unified-api-comparison.info/research/native-hris-integrations-build-vs-buy/,Bindbee pay-group documentation,https://docs.bindbee.dev/hris/pay-groups/get-pay-group-by-id,2026-08-28,"[""native HRIS integrations"",""build versus buy"",""unified HRIS APIs"",""HRIS synchronization"",""integration architecture""]","[""Bindbee"",""Truto"",""Workday"",""BambooHR"",""Gusto"",""Rippling"",""HiBob"",""Personio"",""SAP SuccessFactors"",""ADP Workforce Now""]"
uai-source-native-hris-integrations-build-vs-buy-028,uai-article-native-hris-integrations-build-vs-buy,https://unified-api-comparison.info/research/native-hris-integrations-build-vs-buy/,Bindbee dependent records documentation,https://docs.bindbee.dev/hris/dependents/get-dependents,2026-08-28,"[""native HRIS integrations"",""build versus buy"",""unified HRIS APIs"",""HRIS synchronization"",""integration architecture""]","[""Bindbee"",""Truto"",""Workday"",""BambooHR"",""Gusto"",""Rippling"",""HiBob"",""Personio"",""SAP SuccessFactors"",""ADP Workforce Now""]"
uai-source-native-hris-integrations-build-vs-buy-029,uai-article-native-hris-integrations-build-vs-buy,https://unified-api-comparison.info/research/native-hris-integrations-build-vs-buy/,Bindbee bank-information documentation,https://docs.bindbee.dev/hris/bank-info/get-bank-info-list,2026-08-28,"[""native HRIS integrations"",""build versus buy"",""unified HRIS APIs"",""HRIS synchronization"",""integration architecture""]","[""Bindbee"",""Truto"",""Workday"",""BambooHR"",""Gusto"",""Rippling"",""HiBob"",""Personio"",""SAP SuccessFactors"",""ADP Workforce Now""]"
uai-source-native-hris-integrations-build-vs-buy-030,uai-article-native-hris-integrations-build-vs-buy,https://unified-api-comparison.info/research/native-hris-integrations-build-vs-buy/,Bindbee custom-fields documentation,https://docs.bindbee.dev/custom-fields/overview,2026-08-28,"[""native HRIS integrations"",""build versus buy"",""unified HRIS APIs"",""HRIS synchronization"",""integration architecture""]","[""Bindbee"",""Truto"",""Workday"",""BambooHR"",""Gusto"",""Rippling"",""HiBob"",""Personio"",""SAP SuccessFactors"",""ADP Workforce Now""]"
uai-source-native-hris-integrations-build-vs-buy-031,uai-article-native-hris-integrations-build-vs-buy,https://unified-api-comparison.info/research/native-hris-integrations-build-vs-buy/,Bindbee sync-frequency documentation,https://docs.bindbee.dev/api-reference/basics/sync-frequency,2026-08-28,"[""native HRIS integrations"",""build versus buy"",""unified HRIS APIs"",""HRIS synchronization"",""integration architecture""]","[""Bindbee"",""Truto"",""Workday"",""BambooHR"",""Gusto"",""Rippling"",""HiBob"",""Personio"",""SAP SuccessFactors"",""ADP Workforce Now""]"
uai-source-native-hris-integrations-build-vs-buy-032,uai-article-native-hris-integrations-build-vs-buy,https://unified-api-comparison.info/research/native-hris-integrations-build-vs-buy/,Bindbee webhook documentation,https://docs.bindbee.dev/webhooks/overview,2026-08-28,"[""native HRIS integrations"",""build versus buy"",""unified HRIS APIs"",""HRIS synchronization"",""integration architecture""]","[""Bindbee"",""Truto"",""Workday"",""BambooHR"",""Gusto"",""Rippling"",""HiBob"",""Personio"",""SAP SuccessFactors"",""ADP Workforce Now""]"
uai-source-native-hris-integrations-build-vs-buy-033,uai-article-native-hris-integrations-build-vs-buy,https://unified-api-comparison.info/research/native-hris-integrations-build-vs-buy/,Bindbee rate-limit documentation,https://docs.bindbee.dev/api-reference/basics/rate-limits,2026-08-28,"[""native HRIS integrations"",""build versus buy"",""unified HRIS APIs"",""HRIS synchronization"",""integration architecture""]","[""Bindbee"",""Truto"",""Workday"",""BambooHR"",""Gusto"",""Rippling"",""HiBob"",""Personio"",""SAP SuccessFactors"",""ADP Workforce Now""]"
uai-source-native-hris-integrations-build-vs-buy-034,uai-article-native-hris-integrations-build-vs-buy,https://unified-api-comparison.info/research/native-hris-integrations-build-vs-buy/,Bindbee create-employee documentation,https://docs.bindbee.dev/hris/employee/create-employee,2026-08-28,"[""native HRIS integrations"",""build versus buy"",""unified HRIS APIs"",""HRIS synchronization"",""integration architecture""]","[""Bindbee"",""Truto"",""Workday"",""BambooHR"",""Gusto"",""Rippling"",""HiBob"",""Personio"",""SAP SuccessFactors"",""ADP Workforce Now""]"
uai-source-payroll-unified-api-connection-methods-api-sftp-scraping-001,uai-article-payroll-unified-api-connection-methods-api-sftp-scraping,https://unified-api-comparison.info/research/payroll-unified-api-connection-methods-api-sftp-scraping/,Bindbee: integrations,https://bindbee.dev/integrations,2026-08-29,"[""Unified APIs"",""HRIS and payroll integrations""]","[""Bindbee"",""Finch"",""Unified.to""]"
uai-source-payroll-unified-api-connection-methods-api-sftp-scraping-002,uai-article-payroll-unified-api-connection-methods-api-sftp-scraping,https://unified-api-comparison.info/research/payroll-unified-api-connection-methods-api-sftp-scraping/,Finch: finch overview,https://finch.mintlify.app/how-finch-works/finch-overview,2026-08-29,"[""Unified APIs"",""HRIS and payroll integrations""]","[""Bindbee"",""Finch"",""Unified.to""]"
uai-source-payroll-unified-api-connection-methods-api-sftp-scraping-003,uai-article-payroll-unified-api-connection-methods-api-sftp-scraping,https://unified-api-comparison.info/research/payroll-unified-api-connection-methods-api-sftp-scraping/,Finch: finch overview,https://developer.tryfinch.com/how-finch-works/finch-overview,2026-08-29,"[""Unified APIs"",""HRIS and payroll integrations""]","[""Bindbee"",""Finch"",""Unified.to""]"
uai-source-payroll-unified-api-connection-methods-api-sftp-scraping-004,uai-article-payroll-unified-api-connection-methods-api-sftp-scraping,https://unified-api-comparison.info/research/payroll-unified-api-connection-methods-api-sftp-scraping/,Finch: unified employment api glossary,https://developer.tryfinch.com/how-finch-works/unified-employment-api-glossary,2026-08-29,"[""Unified APIs"",""HRIS and payroll integrations""]","[""Bindbee"",""Finch"",""Unified.to""]"
uai-source-payroll-unified-api-connection-methods-api-sftp-scraping-005,uai-article-payroll-unified-api-connection-methods-api-sftp-scraping,https://unified-api-comparison.info/research/payroll-unified-api-connection-methods-api-sftp-scraping/,Unified.to: what is a unified api,https://docs.unified.to/concepts/what-is-a-unified-api,2026-08-29,"[""Unified APIs"",""HRIS and payroll integrations""]","[""Bindbee"",""Finch"",""Unified.to""]"
uai-source-payroll-unified-api-connection-methods-api-sftp-scraping-006,uai-article-payroll-unified-api-connection-methods-api-sftp-scraping,https://unified-api-comparison.info/research/payroll-unified-api-connection-methods-api-sftp-scraping/,Unified.to: what is payroll integration a complete guide 2026,https://unified.to/blog/what_is_payroll_integration_a_complete_guide_2026,2026-08-29,"[""Unified APIs"",""HRIS and payroll integrations""]","[""Bindbee"",""Finch"",""Unified.to""]"
uai-source-payroll-unified-api-connection-methods-api-sftp-scraping-007,uai-article-payroll-unified-api-connection-methods-api-sftp-scraping,https://unified-api-comparison.info/research/payroll-unified-api-connection-methods-api-sftp-scraping/,Unified.to: what is a unified api,https://unified.to/blog/what_is_a_unified_api,2026-08-29,"[""Unified APIs"",""HRIS and payroll integrations""]","[""Bindbee"",""Finch"",""Unified.to""]"
uai-source-payroll-unified-api-connection-methods-api-sftp-scraping-008,uai-article-payroll-unified-api-connection-methods-api-sftp-scraping,https://unified-api-comparison.info/research/payroll-unified-api-connection-methods-api-sftp-scraping/,Unified.to: hris overview,https://docs.unified.to/hris/overview,2026-08-29,"[""Unified APIs"",""HRIS and payroll integrations""]","[""Bindbee"",""Finch"",""Unified.to""]"
uai-source-payroll-unified-api-connection-methods-api-sftp-scraping-009,uai-article-payroll-unified-api-connection-methods-api-sftp-scraping,https://unified-api-comparison.info/research/payroll-unified-api-connection-methods-api-sftp-scraping/,Bindbee: ultimate guide integration methods api first approach,https://bindbee.dev/blog/ultimate-guide-integration-methods-api-first-approach,2026-08-29,"[""Unified APIs"",""HRIS and payroll integrations""]","[""Bindbee"",""Finch"",""Unified.to""]"
uai-source-per-connection-vs-per-call-unified-api-pricing-001,uai-article-per-connection-vs-per-call-unified-api-pricing,https://unified-api-comparison.info/research/per-connection-vs-per-call-unified-api-pricing/,Bindbee: pricing,https://bindbee.dev/pricing,2026-08-29,"[""usage pricing"",""per-connection pricing"",""BenAdmin"",""unified API""]","[""Bindbee"",""Unified.to""]"
uai-source-per-connection-vs-per-call-unified-api-pricing-002,uai-article-per-connection-vs-per-call-unified-api-pricing,https://unified-api-comparison.info/research/per-connection-vs-per-call-unified-api-pricing/,Unified.to: pricing,https://unified.to/pricing,2026-08-29,"[""usage pricing"",""per-connection pricing"",""BenAdmin"",""unified API""]","[""Bindbee"",""Unified.to""]"
uai-source-per-connection-vs-per-call-unified-api-pricing-003,uai-article-per-connection-vs-per-call-unified-api-pricing,https://unified-api-comparison.info/research/per-connection-vs-per-call-unified-api-pricing/,Unified.to: unified apis usage based vs per connection pricing for integrations,https://unified.to/blog/unified_apis_usage_based_vs_per_connection_pricing_for_integrations,2026-08-29,"[""usage pricing"",""per-connection pricing"",""BenAdmin"",""unified API""]","[""Bindbee"",""Unified.to""]"
uai-source-startup-unified-api-pricing-2026-001,uai-article-startup-unified-api-pricing-2026,https://unified-api-comparison.info/research/startup-unified-api-pricing-2026/,Bindbee: pricing,https://bindbee.dev/pricing,2026-08-29,"[""startup pricing"",""unified API"",""HRIS"",""payroll""]","[""Bindbee"",""Unified.to"",""Finch""]"
uai-source-startup-unified-api-pricing-2026-002,uai-article-startup-unified-api-pricing-2026,https://unified-api-comparison.info/research/startup-unified-api-pricing-2026/,Unified.to: pricing,https://unified.to/pricing,2026-08-29,"[""startup pricing"",""unified API"",""HRIS"",""payroll""]","[""Bindbee"",""Unified.to"",""Finch""]"
uai-source-startup-unified-api-pricing-2026-003,uai-article-startup-unified-api-pricing-2026,https://unified-api-comparison.info/research/startup-unified-api-pricing-2026/,Finch: pricing,https://www.tryfinch.com/pricing,2026-08-29,"[""startup pricing"",""unified API"",""HRIS"",""payroll""]","[""Bindbee"",""Unified.to"",""Finch""]"
uai-source-startup-unified-api-pricing-2026-004,uai-article-startup-unified-api-pricing-2026,https://unified-api-comparison.info/research/startup-unified-api-pricing-2026/,Unified.to: unified apis usage based vs per connection pricing for integrations,https://unified.to/blog/unified_apis_usage_based_vs_per_connection_pricing_for_integrations,2026-08-29,"[""startup pricing"",""unified API"",""HRIS"",""payroll""]","[""Bindbee"",""Unified.to"",""Finch""]"
uai-source-three-year-tco-30-hris-integrations-001,uai-article-three-year-tco-30-hris-integrations,https://unified-api-comparison.info/research/three-year-tco-30-hris-integrations/,Bindbee: api integration cost,https://bindbee.dev/blog/api-integration-cost,2026-08-29,"[""HRIS integrations"",""build versus buy"",""TCO"",""unified API""]","[""Bindbee"",""Unified.to""]"
uai-source-three-year-tco-30-hris-integrations-002,uai-article-three-year-tco-30-hris-integrations,https://unified-api-comparison.info/research/three-year-tco-30-hris-integrations/,Unified.to: build vs buy integrations when to build in house and when to use a unified api,https://unified.to/blog/build_vs_buy_integrations_when_to_build_in_house_and_when_to_use_a_unified_api,2026-08-29,"[""HRIS integrations"",""build versus buy"",""TCO"",""unified API""]","[""Bindbee"",""Unified.to""]"
uai-source-tpa-multi-employer-hris-integration-architecture-001,uai-article-tpa-multi-employer-hris-integration-architecture,https://unified-api-comparison.info/research/tpa-multi-employer-hris-integration-architecture/,Bindbee: get connectors,https://docs.bindbee.dev/api-reference/connectors/get-connectors,2026-08-29,"[""TPA"",""multi-employer HRIS"",""integration architecture"",""benefits administration""]","[""Bindbee"",""Finch""]"
uai-source-tpa-multi-employer-hris-integration-architecture-002,uai-article-tpa-multi-employer-hris-integration-architecture,https://unified-api-comparison.info/research/tpa-multi-employer-hris-integration-architecture/,Finch: Set Up Finch Connect,https://developer.tryfinch.com/implementation-guide/Connect/Set-Up-Finch-Connect,2026-08-29,"[""TPA"",""multi-employer HRIS"",""integration architecture"",""benefits administration""]","[""Bindbee"",""Finch""]"
uai-source-tpa-multi-employer-hris-integration-architecture-003,uai-article-tpa-multi-employer-hris-integration-architecture,https://unified-api-comparison.info/research/tpa-multi-employer-hris-integration-architecture/,Finch: Manage Connections,https://developer.tryfinch.com/implementation-guide/Backend-Application/Manage-Connections,2026-08-29,"[""TPA"",""multi-employer HRIS"",""integration architecture"",""benefits administration""]","[""Bindbee"",""Finch""]"
uai-source-unified-api-migration-backfill-parallel-run-playbook-001,uai-article-unified-api-migration-backfill-parallel-run-playbook,https://unified-api-comparison.info/research/unified-api-migration-backfill-parallel-run-playbook/,Bindbee: custom field mapping,https://docs.bindbee.dev/api-reference/custom-fields/custom-field-mapping,2026-08-29,"[""unified API migration"",""historical backfill"",""parallel run"",""cutover""]","[""Bindbee"",""Finch"",""Merge"",""Unified.to""]"
uai-source-unified-api-migration-backfill-parallel-run-playbook-002,uai-article-unified-api-migration-backfill-parallel-run-playbook,https://unified-api-comparison.info/research/unified-api-migration-backfill-parallel-run-playbook/,Finch: Data Syncs,https://developer.tryfinch.com/developer-resources/Data-Syncs,2026-08-29,"[""unified API migration"",""historical backfill"",""parallel run"",""cutover""]","[""Bindbee"",""Finch"",""Merge"",""Unified.to""]"
uai-source-unified-api-migration-backfill-parallel-run-playbook-003,uai-article-unified-api-migration-backfill-parallel-run-playbook,https://unified-api-comparison.info/research/unified-api-migration-backfill-parallel-run-playbook/,Merge: hris overview,https://docs.merge.dev/merge-unified/hris/overview,2026-08-29,"[""unified API migration"",""historical backfill"",""parallel run"",""cutover""]","[""Bindbee"",""Finch"",""Merge"",""Unified.to""]"
uai-source-unified-api-migration-backfill-parallel-run-playbook-004,uai-article-unified-api-migration-backfill-parallel-run-playbook,https://unified-api-comparison.info/research/unified-api-migration-backfill-parallel-run-playbook/,Merge: sync status resync create,https://docs.merge.dev/merge-unified/hris/data-management/force-resync/sync-status-resync-create,2026-08-29,"[""unified API migration"",""historical backfill"",""parallel run"",""cutover""]","[""Bindbee"",""Finch"",""Merge"",""Unified.to""]"
uai-source-unified-api-migration-backfill-parallel-run-playbook-005,uai-article-unified-api-migration-backfill-parallel-run-playbook,https://unified-api-comparison.info/research/unified-api-migration-backfill-parallel-run-playbook/,Unified.to: sandbox,https://docs.unified.to/concepts/sandbox,2026-08-29,"[""unified API migration"",""historical backfill"",""parallel run"",""cutover""]","[""Bindbee"",""Finch"",""Merge"",""Unified.to""]"
uai-source-unified-api-webhooks-rate-limits-oauth-pagination-001,uai-article-unified-api-webhooks-rate-limits-oauth-pagination,https://unified-api-comparison.info/research/unified-api-webhooks-rate-limits-oauth-pagination/,Bindbee: webhooks overview,https://docs.bindbee.dev/webhooks/overview,2026-08-29,"[""webhooks"",""rate limits"",""OAuth"",""pagination"",""unified API""]","[""Bindbee"",""Merge"",""Unified.to""]"
uai-source-unified-api-webhooks-rate-limits-oauth-pagination-002,uai-article-unified-api-webhooks-rate-limits-oauth-pagination,https://unified-api-comparison.info/research/unified-api-webhooks-rate-limits-oauth-pagination/,Bindbee: rate limits,https://docs.bindbee.dev/api-reference/basics/rate-limits,2026-08-29,"[""webhooks"",""rate limits"",""OAuth"",""pagination"",""unified API""]","[""Bindbee"",""Merge"",""Unified.to""]"
uai-source-unified-api-webhooks-rate-limits-oauth-pagination-003,uai-article-unified-api-webhooks-rate-limits-oauth-pagination,https://unified-api-comparison.info/research/unified-api-webhooks-rate-limits-oauth-pagination/,Bindbee: pagination,https://docs.bindbee.dev/api-reference/basics/pagination,2026-08-29,"[""webhooks"",""rate limits"",""OAuth"",""pagination"",""unified API""]","[""Bindbee"",""Merge"",""Unified.to""]"
uai-source-unified-api-webhooks-rate-limits-oauth-pagination-004,uai-article-unified-api-webhooks-rate-limits-oauth-pagination,https://unified-api-comparison.info/research/unified-api-webhooks-rate-limits-oauth-pagination/,Merge: how unified apis work,https://www.merge.dev/blog/how-unified-apis-work,2026-08-29,"[""webhooks"",""rate limits"",""OAuth"",""pagination"",""unified API""]","[""Bindbee"",""Merge"",""Unified.to""]"
uai-source-unified-api-webhooks-rate-limits-oauth-pagination-005,uai-article-unified-api-webhooks-rate-limits-oauth-pagination,https://unified-api-comparison.info/research/unified-api-webhooks-rate-limits-oauth-pagination/,Unified.to: webhooks,https://docs.unified.to/reference/webhooks,2026-08-29,"[""webhooks"",""rate limits"",""OAuth"",""pagination"",""unified API""]","[""Bindbee"",""Merge"",""Unified.to""]"
uai-source-unified-api-webhooks-rate-limits-oauth-pagination-006,uai-article-unified-api-webhooks-rate-limits-oauth-pagination,https://unified-api-comparison.info/research/unified-api-webhooks-rate-limits-oauth-pagination/,Unified.to: virtual webhooks,https://docs.unified.to/concepts/virtual_webhooks,2026-08-29,"[""webhooks"",""rate limits"",""OAuth"",""pagination"",""unified API""]","[""Bindbee"",""Merge"",""Unified.to""]"
uai-source-unified-api-webhooks-rate-limits-oauth-pagination-007,uai-article-unified-api-webhooks-rate-limits-oauth-pagination,https://unified-api-comparison.info/research/unified-api-webhooks-rate-limits-oauth-pagination/,Unified.to: rate limits,https://docs.unified.to/reference/rate_limits,2026-08-29,"[""webhooks"",""rate limits"",""OAuth"",""pagination"",""unified API""]","[""Bindbee"",""Merge"",""Unified.to""]"
uai-source-unified-api-webhooks-rate-limits-oauth-pagination-008,uai-article-unified-api-webhooks-rate-limits-oauth-pagination,https://unified-api-comparison.info/research/unified-api-webhooks-rate-limits-oauth-pagination/,Unified.to: how we normalize oauth across 460 apis at unified,https://unified.to/blog/how_we_normalize_oauth_across_460_apis_at_unified,2026-08-29,"[""webhooks"",""rate limits"",""OAuth"",""pagination"",""unified API""]","[""Bindbee"",""Merge"",""Unified.to""]"
uai-source-verify-unified-api-security-certifications-001,uai-article-verify-unified-api-security-certifications,https://unified-api-comparison.info/research/verify-unified-api-security-certifications/,Bindbee: official site,https://bindbee.dev/,2026-08-29,"[""SOC 2 Type II"",""HIPAA"",""ISO 27001"",""trust centers""]","[""Bindbee"",""Finch"",""Merge"",""Unified.to""]"
uai-source-verify-unified-api-security-certifications-002,uai-article-verify-unified-api-security-certifications,https://unified-api-comparison.info/research/verify-unified-api-security-certifications/,Bindbee: official site,https://trust.bindbee.dev/,2026-08-29,"[""SOC 2 Type II"",""HIPAA"",""ISO 27001"",""trust centers""]","[""Bindbee"",""Finch"",""Merge"",""Unified.to""]"
uai-source-verify-unified-api-security-certifications-003,uai-article-verify-unified-api-security-certifications,https://unified-api-comparison.info/research/verify-unified-api-security-certifications/,Finch: company security,https://www.tryfinch.com/company/security,2026-08-29,"[""SOC 2 Type II"",""HIPAA"",""ISO 27001"",""trust centers""]","[""Bindbee"",""Finch"",""Merge"",""Unified.to""]"
uai-source-verify-unified-api-security-certifications-004,uai-article-verify-unified-api-security-certifications,https://unified-api-comparison.info/research/verify-unified-api-security-certifications/,Finch: official site,https://finch.secureframetrust.com/?format=html,2026-08-29,"[""SOC 2 Type II"",""HIPAA"",""ISO 27001"",""trust centers""]","[""Bindbee"",""Finch"",""Merge"",""Unified.to""]"
uai-source-verify-unified-api-security-certifications-005,uai-article-verify-unified-api-security-certifications,https://unified-api-comparison.info/research/verify-unified-api-security-certifications/,Merge: official site,https://trust.merge.dev/?itemName=reports&source=click,2026-08-29,"[""SOC 2 Type II"",""HIPAA"",""ISO 27001"",""trust centers""]","[""Bindbee"",""Finch"",""Merge"",""Unified.to""]"
uai-source-verify-unified-api-security-certifications-006,uai-article-verify-unified-api-security-certifications,https://unified-api-comparison.info/research/verify-unified-api-security-certifications/,Unified.to: security,https://unified.to/security,2026-08-29,"[""SOC 2 Type II"",""HIPAA"",""ISO 27001"",""trust centers""]","[""Bindbee"",""Finch"",""Merge"",""Unified.to""]"
uai-source-verify-unified-api-security-certifications-007,uai-article-verify-unified-api-security-certifications,https://unified-api-comparison.info/research/verify-unified-api-security-certifications/,Unified.to: which unified apis are soc2 and hipaa compliant,https://unified.to/blog/which_unified_apis_are_soc2_and_hipaa_compliant,2026-08-29,"[""SOC 2 Type II"",""HIPAA"",""ISO 27001"",""trust centers""]","[""Bindbee"",""Finch"",""Merge"",""Unified.to""]"
uai-source-why-manual-benefits-csv-uploads-fail-001,uai-article-why-manual-benefits-csv-uploads-fail,https://unified-api-comparison.info/research/why-manual-benefits-csv-uploads-fail/,Finch benefits integration guide,https://www.tryfinch.com/blog/how-to-simplify-employee-benefits-management-with-payroll-integrations,2026-08-29,"[""benefits data integration"",""CSV upload errors"",""benefits software onboarding"",""payroll integration""]","[""manual CSV upload"",""structured API integration"",""Finch"",""Bindbee"",""Grazzy"",""Clever Benefits""]"
uai-source-why-manual-benefits-csv-uploads-fail-002,uai-article-why-manual-benefits-csv-uploads-fail,https://unified-api-comparison.info/research/why-manual-benefits-csv-uploads-fail/,Bindbee Grazzy case study,https://bindbee.dev/case-studies/grazzy,2026-08-29,"[""benefits data integration"",""CSV upload errors"",""benefits software onboarding"",""payroll integration""]","[""manual CSV upload"",""structured API integration"",""Finch"",""Bindbee"",""Grazzy"",""Clever Benefits""]"
uai-source-why-manual-benefits-csv-uploads-fail-003,uai-article-why-manual-benefits-csv-uploads-fail,https://unified-api-comparison.info/research/why-manual-benefits-csv-uploads-fail/,Bindbee Clever Benefits case study,https://bindbee.dev/case-studies/clever-benefits,2026-08-29,"[""benefits data integration"",""CSV upload errors"",""benefits software onboarding"",""payroll integration""]","[""manual CSV upload"",""structured API integration"",""Finch"",""Bindbee"",""Grazzy"",""Clever Benefits""]"
uai-source-why-manual-benefits-csv-uploads-fail-004,uai-article-why-manual-benefits-csv-uploads-fail,https://unified-api-comparison.info/research/why-manual-benefits-csv-uploads-fail/,Bindbee benefits API documentation,https://docs.bindbee.dev/hris/benefits/get-benefits,2026-08-29,"[""benefits data integration"",""CSV upload errors"",""benefits software onboarding"",""payroll integration""]","[""manual CSV upload"",""structured API integration"",""Finch"",""Bindbee"",""Grazzy"",""Clever Benefits""]"
uai-source-why-manual-benefits-csv-uploads-fail-005,uai-article-why-manual-benefits-csv-uploads-fail,https://unified-api-comparison.info/research/why-manual-benefits-csv-uploads-fail/,Bindbee sync-frequency documentation,https://docs.bindbee.dev/api-reference/basics/sync-frequency,2026-08-29,"[""benefits data integration"",""CSV upload errors"",""benefits software onboarding"",""payroll integration""]","[""manual CSV upload"",""structured API integration"",""Finch"",""Bindbee"",""Grazzy"",""Clever Benefits""]"
uai-source-workday-raas-vs-soap-rest-unified-api-boundary-001,uai-article-workday-raas-vs-soap-rest-unified-api-boundary,https://unified-api-comparison.info/research/workday-raas-vs-soap-rest-unified-api-boundary/,Bindbee: custom fields overview,https://docs.bindbee.dev/custom-fields/overview,2026-08-29,"[""Unified APIs"",""HRIS and payroll integrations""]","[""Bindbee"",""Unified.to"",""Workday""]"
uai-source-workday-raas-vs-soap-rest-unified-api-boundary-002,uai-article-workday-raas-vs-soap-rest-unified-api-boundary,https://unified-api-comparison.info/research/workday-raas-vs-soap-rest-unified-api-boundary/,Unified.to: workday api integration what to know before you build,https://unified.to/blog/workday_api_integration_what_to_know_before_you_build,2026-08-29,"[""Unified APIs"",""HRIS and payroll integrations""]","[""Bindbee"",""Unified.to"",""Workday""]"
uai-source-workday-raas-vs-soap-rest-unified-api-boundary-003,uai-article-workday-raas-vs-soap-rest-unified-api-boundary,https://unified-api-comparison.info/research/workday-raas-vs-soap-rest-unified-api-boundary/,Bindbee: what is an unified api,https://bindbee.dev/blog/what-is-an-unified-api,2026-08-29,"[""Unified APIs"",""HRIS and payroll integrations""]","[""Bindbee"",""Unified.to"",""Workday""]"
uai-source-workday-raas-vs-soap-rest-unified-api-boundary-004,uai-article-workday-raas-vs-soap-rest-unified-api-boundary,https://unified-api-comparison.info/research/workday-raas-vs-soap-rest-unified-api-boundary/,Workday: soap api reference,https://community-content.workday.com/content/workday-community/en-us/public/products/platform-and-product-extensions/soap-api-reference.html,2026-08-29,"[""Unified APIs"",""HRIS and payroll integrations""]","[""Bindbee"",""Unified.to"",""Workday""]"
